"Time (s)","Sound pressure level (dB)"
0.000000000E0,-7.093692766E1
2.610208333E-1,NaN
3.665883750E-1,-6.949981411E1
4.727718750E-1,-7.323558264E1
5.821498333E-1,-7.486552903E1
6.911750833E-1,-7.570956744E1
8.003035417E-1,-7.528785857E1
9.077812083E-1,-6.740092795E1
1.016763000E0,-6.478363372E1
1.124528958E0,-7.041424375E1
1.233682292E0,-7.633845204E1
1.341141625E0,-7.457958907E1
1.450356417E0,-7.313107186E1
1.557699458E0,-7.559042612E1
1.666484042E0,-7.562328605E1
1.774129208E0,-7.523810899E1
1.882540292E0,-7.456201204E1
1.990616958E0,-7.394222354E1
2.099349917E0,-7.483592336E1
2.207556667E0,-7.630814972E1
2.316227708E0,-7.559318832E1
2.424158000E0,-6.775144997E1
2.533080375E0,-6.544066332E1
2.640792458E0,-6.846150864E1
2.747606208E0,-7.153040616E1
2.856741708E0,-7.277260863E1
2.965201583E0,-7.336156301E1
3.070289958E0,-7.144628625E1
3.176971083E0,-6.519986835E1
3.285615833E0,-6.848058093E1
3.390738750E0,-7.077003781E1
3.499480208E0,-7.105615691E1
3.607620417E0,-7.260362175E1
3.716591583E0,-7.563323156E1
3.824261625E0,-7.367296129E1
3.933136125E0,-7.018926058E1
4.040985458E0,-6.966352024E1
4.145577667E0,-7.311878262E1
4.255214458E0,-7.103498492E1
4.359535875E0,-6.684399640E1
4.469189000E0,-7.329848876E1
4.574167958E0,-7.701133097E1
4.683156875E0,-7.222716853E1
4.790952250E0,-7.266563942E1
4.899995583E0,-7.335994099E1
5.007613042E0,-6.891026889E1
5.116643583E0,-6.535768327E1
5.224407167E0,-7.158808057E1
5.331789958E0,-7.359601404E1
5.440955583E0,-7.509714917E1
5.544913292E0,NaN
5.652840667E0,-7.553218903E1
5.759880667E0,-7.447043455E1
5.869061542E0,-7.447725627E1
5.976913292E0,-7.528740326E1
6.085642708E0,-7.417613544E1
6.190759625E0,-7.367716137E1
6.299674583E0,-7.111473770E1
6.407478208E0,-7.235757736E1
6.516295375E0,-7.447300336E1
6.624143000E0,-7.537761270E1
6.732355458E0,-7.473221846E1
6.840816167E0,-7.368049248E1
6.946287000E0,-7.520435347E1
7.055285000E0,-7.315871020E1
7.160197208E0,-7.536627959E1
7.269335417E0,-7.329537213E1
7.374056458E0,-7.371308287E1
7.483054708E0,-7.154434294E1
7.590631042E0,-7.247089920E1
7.699440625E0,-7.433879424E1
7.807341417E0,-7.410589023E1
7.915273917E0,-7.516023146E1
8.024118125E0,-7.322833568E1
8.132810542E0,-7.391547755E1
8.240543708E0,-7.471307099E1
8.346515167E0,-7.200323187E1
8.455494250E0,-7.376396655E1
8.563269292E0,-7.467614418E1
8.672035750E0,-7.604167861E1
8.781010250E0,-7.400349049E1
8.889841625E0,-7.455439498E1
8.998932292E0,-7.236441767E1
9.107274708E0,-7.299736232E1
9.212630583E0,-7.418471416E1
9.319164167E0,-7.391864551E1
9.423843583E0,-7.401471119E1
9.529585958E0,-7.285036187E1
9.638328958E0,-7.500316379E1
9.747078500E0,-7.421887397E1
9.854190125E0,-7.717500558E1
9.960836583E0,-7.493670073E1
1.006747462E1,-7.582720397E1
1.017489204E1,-7.474620247E1
1.028337187E1,-7.383601747E1
1.039044196E1,-4.116114841E1
1.049936608E1,-4.597574714E1
1.060711838E1,-4.876986197E1
1.071578762E1,-4.969313022E1
1.082375567E1,-5.037583182E1
1.093249092E1,-5.094279984E1
1.104046054E1,-5.170308022E1
1.114730912E1,-5.320067456E1
1.125368592E1,-5.355373612E1
1.136130575E1,-5.472407200E1
1.146990729E1,-5.483640301E1
1.157523746E1,-5.612461483E1
1.168352637E1,-5.616019659E1
1.179041550E1,-5.710988569E1
1.189688271E1,-5.724534666E1
1.200271692E1,-5.837088556E1
1.210701975E1,-5.845651463E1
1.221299754E1,-5.944806836E1
1.232166567E1,-6.004234318E1
1.243070454E1,-6.046202167E1
1.253934187E1,-6.132466135E1
1.264504867E1,-6.159110447E1
1.275348708E1,-6.260809240E1
1.285885008E1,-6.403938736E1
1.296415129E1,-6.347047466E1
1.307281342E1,-6.570679004E1
1.318174267E1,-6.504150847E1
1.329029058E1,-6.630972686E1
1.339541442E1,-6.526541354E1
1.350084375E1,-6.174645851E1
1.360698425E1,-6.040513904E1
1.371470312E1,-6.329616631E1
1.382221758E1,-6.664494561E1
1.392870587E1,-6.315909527E1
1.403708496E1,-6.048288937E1
1.414002117E1,NaN
1.424545033E1,-6.131128531E1
1.435384821E1,-6.314014983E1
1.446287975E1,-6.683573184E1
1.457150000E1,-6.068202827E1
1.467708908E1,-6.342046179E1
1.478209388E1,-6.842867704E1
1.489033558E1,-6.362589891E1
1.499906629E1,-5.715384693E1
1.510686025E1,-6.026875031E1
1.521567683E1,-6.388402269E1
1.532352071E1,-6.015639155E1
1.543231075E1,-5.903025520E1
1.554015088E1,-6.242517200E1
1.564860104E1,-5.234572472E1
1.575671704E1,-5.136704353E1
1.586532329E1,-5.668380166E1
1.597346367E1,-5.932340494E1
1.607868529E1,-4.999134661E1
1.618646517E1,-5.163114846E1
1.629674875E1,-5.667204392E1
1.640548708E1,-6.079737692E1
1.651434783E1,-5.566235583E1
1.662305754E1,-5.517699172E1
1.673175796E1,-6.104616271E1
1.684013875E1,-6.730107824E1
1.694878596E1,-6.864063044E1
1.705666887E1,-7.123598374E1
1.716538833E1,-7.471670776E1
1.727332492E1,-7.239427049E1
1.738194971E1,-7.022829900E1
1.749002700E1,-7.234330298E1
1.759806421E1,-7.360027218E1
1.770669892E1,-7.290404499E1
1.781135425E1,-7.056007032E1
1.792001454E1,-7.136578030E1
1.802888229E1,-7.274613153E1
1.813363454E1,-7.278775833E1
1.823997113E1,-7.749983503E1
1.834867346E1,-7.672370210E1
1.845653421E1,-7.560020189E1
1.856320479E1,-7.303555278E1
1.867184004E1,-7.304354236E1
1.878066608E1,-6.754631312E1
1.888941025E1,-6.993823202E1
1.899802325E1,-7.045734381E1
1.910678479E1,-7.527988304E1
1.921555083E1,-7.354340626E1
1.932334850E1,-7.008593073E1
1.943203067E1,-7.153915998E1
1.954007867E1,-6.908603619E1
1.964861712E1,-7.368255660E1
1.975656004E1,-7.489771015E1
1.986528479E1,-7.054715443E1
1.997327908E1,-7.428393566E1
2.008198646E1,-6.978485043E1
2.018994042E1,-7.303816992E1
2.029881904E1,-7.546660431E1
2.040661079E1,-7.391713508E1
2.051532346E1,-7.301738439E1
2.062320958E1,-3.792122860E1
2.073209554E1,-4.076479900E1
2.083994225E1,-4.324790575E1
2.094844229E1,-4.451012064E1
2.105653583E1,-4.477915299E1
2.116536033E1,-4.556443105E1
2.127317842E1,-4.576104854E1
2.138172775E1,-4.664858198E1
2.148997121E1,-4.706104888E1
2.159869450E1,-4.795611794E1
2.170657612E1,-4.802513764E1
2.181512950E1,-4.939626799E1
2.192316404E1,-4.947939735E1
2.203142700E1,-5.032178720E1
2.213987992E1,-5.096953701E1
2.224877375E1,-5.106936336E1
2.235654217E1,-5.221353342E1
2.246526337E1,-5.324362342E1
2.257307704E1,-5.316875315E1
2.268176771E1,-5.485917990E1
2.278976475E1,-5.417505459E1
2.289847000E1,-5.599852559E1
2.300652058E1,-5.591981101E1
2.311529987E1,-5.680336312E1
2.322311979E1,-5.750228693E1
2.333185300E1,-5.793751988E1
2.343979337E1,-5.876499995E1
2.354550854E1,-5.890897247E1
2.365396000E1,-5.953825120E1
2.376296500E1,-6.212468926E1
2.387186250E1,-6.103331434E1
2.397701958E1,-6.289682605E1
2.408580358E1,-6.278588168E1
2.418970050E1,-6.371396540E1
2.429850925E1,-6.427880384E1
2.440639146E1,-6.490064320E1
2.451533837E1,-6.646757475E1
2.462303271E1,-6.534650246E1
2.472840642E1,-6.775164889E1
2.483710808E1,-6.581359735E1
2.494244950E1,-6.785279289E1
2.504888696E1,-6.838796145E1
2.515613650E1,-6.828878688E1
2.526487208E1,-6.890976065E1
2.537298221E1,-6.997732088E1
2.548061337E1,-7.014408301E1
2.558938633E1,-7.283240444E1
2.569795392E1,-7.047778289E1
2.580626129E1,-7.426820577E1
2.591506092E1,-7.164789110E1
2.602295425E1,-7.227904501E1
2.613132137E1,-7.149950960E1
2.623946638E1,-7.130376511E1
2.634788492E1,-7.085464221E1
2.645624504E1,-7.367631750E1
2.656489400E1,-7.196416988E1
2.667290071E1,-7.533796516E1
2.678166212E1,-7.261582087E1
2.688958083E1,-7.306828796E1
2.699839512E1,-7.221197977E1
2.710620979E1,-7.253030490E1
2.721481362E1,-7.246688200E1
2.732289412E1,-7.364306487E1
2.743166962E1,-7.468641922E1
2.753956971E1,-7.536453824E1
2.764818562E1,-7.481650944E1
2.775606950E1,-7.562740292E1
2.786476112E1,-7.226312730E1
2.797289112E1,-7.344653627E1
2.807665504E1,-7.381563158E1
2.818524954E1,-7.418261781E1
2.829081800E1,-7.541384422E1
2.839929583E1,-7.389830954E1
2.850615092E1,-7.493101237E1
2.861498887E1,-7.484985670E1
2.872280850E1,-7.667927915E1
2.883144646E1,-7.549341023E1
2.893965675E1,-7.622913429E1
2.904760275E1,-7.677951833E1
2.915611838E1,-7.527852769E1
2.926466133E1,-7.345435545E1
2.937288737E1,-7.506713176E1
2.948172062E1,-7.229676913E1
2.958945492E1,-7.370874866E1
2.969376137E1,-7.335718494E1
2.980049546E1,-7.514127353E1
2.990603129E1,-7.537422565E1
3.001463862E1,-7.611898483E1
3.012281287E1,-7.443276782E1
3.023161025E1,-7.498410203E1
3.033923321E1,-3.235583257E1
3.044618771E1,-3.646590553E1
3.055481508E1,-3.798288917E1
3.066078221E1,-3.904407156E1
3.076942250E1,-3.964344688E1
3.087815650E1,-3.933107179E1
3.098679146E1,-4.063587949E1
3.109557742E1,-4.042668880E1
3.120140096E1,-4.169765958E1
3.130608579E1,-4.213362359E1
3.141480012E1,-4.280960707E1
3.152257625E1,-4.345739220E1
3.163129679E1,-4.419562664E1
3.173924404E1,-4.478287848E1
3.184812754E1,-4.489058385E1
3.195600850E1,-4.517144947E1
3.206460504E1,-4.674619691E1
3.217271437E1,-4.643726524E1
3.228154012E1,-4.731723394E1
3.238916296E1,-4.802383989E1
3.249783763E1,-4.843756512E1
3.260586683E1,-4.944873314E1
3.271466708E1,-5.002157069E1
3.282257488E1,-5.144260828E1
3.293127958E1,-5.091241844E1
3.303914962E1,-5.337095391E1
3.314793325E1,-5.194166032E1
3.325597196E1,-5.409278835E1
3.336468837E1,-5.451706572E1
3.347243271E1,-5.566732582E1
3.358110900E1,-5.556411650E1
3.368910817E1,-5.722101070E1
3.379681888E1,-5.691662013E1
3.390545987E1,-5.936686255E1
3.401412225E1,-5.727192343E1
3.412243633E1,-6.089496283E1
3.423117208E1,-5.933463644E1
3.433922650E1,-6.102747143E1
3.444794662E1,-6.218945740E1
3.455561433E1,-6.357168001E1
3.466423529E1,-6.258886001E1
3.477250533E1,-6.560942531E1
3.487817063E1,-6.348089067E1
3.498436650E1,-6.635402398E1
3.508896563E1,-6.438906164E1
3.519765008E1,-6.752028488E1
3.530576779E1,-6.733120003E1
3.541446208E1,-6.678864691E1
3.552235812E1,-6.988774096E1
3.563091088E1,-6.674655225E1
3.573902387E1,-7.029735251E1
3.584771042E1,-7.132861488E1
3.595550700E1,-6.894041058E1
3.606423933E1,-7.191575340E1
3.617235667E1,-7.068669109E1
3.627790733E1,-7.016376471E1
3.638638904E1,-7.178381189E1
3.649532912E1,-6.951345333E1
3.660405558E1,-7.188025865E1
3.670834412E1,-7.046385566E1
3.681698483E1,-7.173745673E1
3.692229192E1,-7.211167889E1
3.703114754E1,-7.065537228E1
3.713889488E1,-7.054507396E1
3.724770242E1,-7.237422872E1
3.735550321E1,-7.250179950E1
3.746419967E1,-7.185968238E1
3.757220996E1,-7.022837711E1
3.768072900E1,-7.270589121E1
3.778884996E1,-7.427479895E1
3.789758950E1,-7.337420616E1
3.800555646E1,-7.462893490E1
3.811456500E1,-7.285718467E1
3.822227262E1,-7.358565986E1
3.833095792E1,-7.347604739E1
3.843897596E1,-7.398700371E1
3.854781700E1,-7.349735751E1
3.865551225E1,-7.367137312E1
3.876403687E1,-7.410380240E1
3.887213967E1,-7.512438301E1
3.898088708E1,-7.509178513E1
3.908885337E1,-7.403945488E1
3.919764213E1,-7.546224329E1
3.930550471E1,-7.357093353E1
3.941257971E1,-7.526281216E1
3.952124042E1,-7.412956113E1
3.962967054E1,-7.551642057E1
3.973838429E1,-7.624606899E1
3.984730558E1,-7.505958933E1
3.995537871E1,-7.306596963E1
4.006416904E1,-7.435791752E1
4.017213362E1,-7.335781176E1
4.028084150E1,-7.353683352E1
4.038875342E1,-7.627900001E1
4.049338712E1,-6.282048696E1
4.060204979E1,-7.240562722E1
4.071105008E1,-7.448529730E1
4.081980879E1,-3.380391558E1
4.092853879E1,-3.754351277E1
4.103429596E1,-3.832555164E1
4.113879683E1,-3.946347795E1
4.124536050E1,-4.000141989E1
4.135386508E1,-4.104445960E1
4.146283554E1,-4.093060892E1
4.156753763E1,-4.193276496E1
4.167203400E1,-4.223667632E1
4.177745963E1,-4.317638880E1
4.188623183E1,-4.334665073E1
4.199497071E1,-4.445012323E1
4.210376142E1,-4.480188176E1
4.221267912E1,-4.508531331E1
4.232145012E1,-4.635809484E1
4.242744367E1,-4.552682336E1
4.253624954E1,-4.717582188E1
4.264493954E1,-4.767490822E1
4.275356813E1,-4.801110510E1
4.286238104E1,-4.877685030E1
4.297104762E1,-4.925571865E1
4.307995550E1,-5.013658336E1
4.318863375E1,-5.116878818E1
4.329696154E1,-5.071789726E1
4.340520467E1,-5.310075649E1
4.351391908E1,-5.174422277E1
4.362193687E1,-5.394509830E1
4.373071071E1,-5.379441432E1
4.383864392E1,-5.436144230E1
4.394563287E1,-5.530951819E1
4.405299263E1,-5.695363406E1
4.416179183E1,-5.660394248E1
4.427046433E1,-5.890222615E1
4.437917675E1,-5.710776686E1
4.448791433E1,-6.032616194E1
4.459405033E1,-5.890691521E1
4.470269687E1,-6.051998453E1
4.481168929E1,-6.172168682E1
4.491788042E1,-6.033141573E1
4.502183029E1,-6.330648799E1
4.513071654E1,-6.178751597E1
4.523851454E1,-6.489703363E1
4.534723471E1,-6.324693095E1
4.545511171E1,-6.426448933E1
4.556369729E1,-6.663406555E1
4.567161687E1,-6.659582440E1
4.578045712E1,-6.611902795E1
4.588843967E1,-6.991699630E1
4.599286954E1,-6.644035912E1
4.610165287E1,-6.999917007E1
4.621068571E1,-6.889119780E1
4.631919637E1,-7.072717903E1
4.642497517E1,-7.010199375E1
4.653375458E1,-7.118304019E1
4.663824704E1,-7.235082025E1
4.674501229E1,-7.239287552E1
4.685361100E1,-7.050928522E1
4.696225779E1,-7.188076656E1
4.706580533E1,-7.155516402E1
4.717169921E1,-7.319569446E1
4.728025171E1,-7.291822945E1
4.738839354E1,-7.284263631E1
4.749728296E1,-7.257528347E1
4.760500325E1,-7.278334584E1
4.771391283E1,-7.470642387E1
4.782173383E1,-7.244847499E1
4.793042971E1,-7.353713078E1
4.803834987E1,-7.271375637E1
4.814394608E1,-7.447193080E1
4.825250362E1,-7.496963404E1
4.836135625E1,-7.482605235E1
4.846669142E1,-7.310303710E1
4.857162058E1,-7.662545361E1
4.868039700E1,-7.390526734E1
4.878837767E1,-7.493335914E1
4.889700604E1,-7.454867122E1
4.900497321E1,-7.254532639E1
4.911194617E1,-7.441713598E1
4.922066729E1,-7.413287914E1
4.932939063E1,-7.184261509E1
4.943837854E1,-7.444103261E1
4.954691250E1,-7.455822176E1
4.965479754E1,-7.361952838E1
4.976328733E1,-7.404957682E1
4.987161408E1,-7.504010628E1
4.997689975E1,-7.621957728E1
5.008549783E1,-7.515732687E1
5.019452987E1,-7.500813047E1
5.030263975E1,-7.548718486E1
5.040800571E1,-6.666296024E1
5.051668113E1,-6.911853903E1
5.062160279E1,-7.331777382E1
5.073042200E1,-7.498685101E1
5.083810267E1,-3.477692472E1
5.094501179E1,-3.618815994E1
5.105353400E1,-3.706473253E1
5.116250983E1,-3.772182418E1
5.127120779E1,-3.795968785E1
5.137990579E1,-3.898737090E1
5.148823042E1,-3.929895578E1
5.159692329E1,-4.050551885E1
5.170484662E1,-4.122936429E1
5.181340042E1,-4.225832934E1
5.192145596E1,-4.306166365E1
5.203013500E1,-4.410593533E1
5.213796450E1,-4.543522687E1
5.224331400E1,NaN
5.234946754E1,-4.674677098E1
5.245480925E1,-4.808784491E1
5.256153225E1,-4.758929662E1
5.267029233E1,-4.876451328E1
5.277601650E1,-4.933394563E1
5.288479308E1,-4.978503476E1
5.299371025E1,-5.088375037E1
5.310227100E1,-5.136945102E1
5.321116475E1,-5.274908841E1
5.331758408E1,-5.243678759E1
5.342641825E1,-5.478948214E1
5.353527608E1,-5.334406107E1
5.364428329E1,-5.624842034E1
5.375286571E1,-5.634727311E1
5.386164279E1,-5.772865983E1
5.397032471E1,-5.698005651E1
5.407534146E1,-5.920886304E1
5.418436221E1,-5.855084153E1
5.429313904E1,-6.130478261E1
5.439902450E1,-5.923280493E1
5.450469692E1,-6.262901305E1
5.461332283E1,-6.059830082E1
5.472141700E1,-6.319465955E1
5.483019425E1,-6.390213176E1
5.493805079E1,-6.263267721E1
5.504607479E1,-6.349009079E1
5.515448487E1,-6.711661100E1
5.526030987E1,-6.565658421E1
5.536891554E1,-6.715915963E1
5.547783508E1,-6.596910548E1
5.558651571E1,-6.850956540E1
5.569542846E1,-6.863809597E1
5.580240492E1,-6.876440315E1
5.591124217E1,-7.160014932E1
5.601720346E1,-6.796052702E1
5.612130662E1,-7.235800750E1
5.623012662E1,-6.967461257E1
5.633791808E1,-7.288142518E1
5.644645075E1,-7.169479297E1
5.655450975E1,-7.193860780E1
5.665848933E1,-7.306598168E1
5.676718771E1,-7.349812059E1
5.687104000E1,-7.198763678E1
5.697974992E1,-7.410133010E1
5.708784683E1,-7.029255931E1
5.719387004E1,-7.130278704E1
5.729855554E1,-7.443092034E1
5.740442821E1,-7.144618531E1
5.751339208E1,-7.390089311E1
5.762126329E1,-7.168641810E1
5.772529917E1,-7.288690826E1
5.783389904E1,-7.401940346E1
5.794254558E1,-7.347794883E1
5.805133621E1,-7.298701156E1
5.816002362E1,-7.293789576E1
5.826864150E1,-7.375489924E1
5.837748317E1,-7.441277022E1
5.848616700E1,-7.363742194E1
5.859497483E1,-7.537607677E1
5.870373504E1,-7.320006351E1
5.880805562E1,-7.464485975E1
5.891669633E1,-7.406379866E1
5.902106608E1,-7.546599290E1
5.912985646E1,-7.424179252E1
5.923776612E1,-7.536174926E1
5.934659529E1,-7.498431773E1
5.945454246E1,-7.506187226E1
5.956152883E1,-7.446397787E1
5.967027704E1,-7.610579243E1
5.977601679E1,-7.278945507E1
5.988470233E1,-7.458232712E1
5.999362433E1,-7.555244026E1
6.010225992E1,-7.392497138E1
6.021130604E1,-7.535591044E1
6.031992608E1,-7.376217632E1
6.042643942E1,-6.718423621E1
6.053378042E1,-7.150193923E1
6.063774013E1,-7.071967814E1
6.074634000E1,-4.104765512E1
6.085415721E1,-4.326863328E1
6.096271908E1,-4.432510012E1
6.107092354E1,-4.463628657E1
6.117948475E1,-4.463057237E1
6.128771192E1,-4.541103574E1
6.139651846E1,-4.552123229E1
6.150426354E1,-4.642884366E1
6.161313992E1,-4.674604603E1
6.172099746E1,-4.753847236E1
6.182980779E1,-4.747374523E1
6.193758083E1,-4.857512736E1
6.204621625E1,-4.911638001E1
6.215431246E1,-4.992414850E1
6.226111771E1,-4.946324042E1
6.236979275E1,-5.083419456E1
6.247865737E1,-5.046795848E1
6.258736562E1,-5.159215388E1
6.269205471E1,-5.187832837E1
6.280068642E1,-5.279738097E1
6.290975996E1,-5.314644486E1
6.301713454E1,-5.416090266E1
6.312254488E1,-5.490243605E1
6.322921892E1,-5.491913151E1
6.333748371E1,-5.574889200E1
6.344608992E1,-5.802594105E1
6.355404092E1,-5.754054448E1
6.366287538E1,-5.861261595E1
6.377072346E1,-5.913118457E1
6.387935387E1,-5.958719836E1
6.398763654E1,-6.059182074E1
6.409632500E1,-6.066552327E1
6.420418408E1,-6.245580371E1
6.431297508E1,-6.156987529E1
6.442072804E1,-6.417041093E1
6.452659500E1,-6.263243506E1
6.463522121E1,-6.484399411E1
6.474424167E1,-6.494783519E1
6.485267979E1,-6.682368923E1
6.496150954E1,-6.559596723E1
6.507023975E1,-6.830142058E1
6.517696375E1,-6.730722085E1
6.528648167E1,-6.834422545E1
6.539529396E1,-6.783142862E1
6.550399500E1,-7.014297071E1
6.561267767E1,-6.960056269E1
6.572072779E1,-7.014649102E1
6.582950192E1,-7.082760206E1
6.593741546E1,-7.088439488E1
6.604467513E1,-7.342535884E1
6.615181333E1,-7.169580335E1
6.625906108E1,-7.280732293E1
6.636759421E1,-7.301423505E1
6.647638775E1,-7.323859008E1
6.658507942E1,-7.298810365E1
6.669388962E1,-7.322366463E1
6.680255650E1,-7.290936147E1
6.691141992E1,-7.505687117E1
6.701724204E1,-7.269336386E1
6.712281475E1,-7.447062422E1
6.723160633E1,-7.462429522E1
6.733744837E1,-7.511113079E1
6.744598725E1,-7.249277973E1
6.755387708E1,-7.599600170E1
6.766249279E1,-7.302777851E1
6.777045967E1,-7.613950703E1
6.787735117E1,-7.588095266E1
6.798286883E1,-7.389966971E1
6.808720571E1,-7.434659050E1
6.819144342E1,-7.405501377E1
6.829853504E1,-7.470604424E1
6.840388375E1,-7.280483873E1
6.851266650E1,-7.018603470E1
6.862061092E1,-7.058360276E1
6.872941596E1,-7.348379918E1
6.883725875E1,-7.282999952E1
6.894619904E1,-6.999684333E1
6.905377454E1,-7.444237479E1
6.916245558E1,-7.309573687E1
6.927064388E1,-7.478186986E1
6.937948925E1,-7.383491852E1
6.948719771E1,-7.269673481E1
6.959603042E1,-7.591956973E1
6.970382625E1,-7.377048850E1
6.981249792E1,-7.227505941E1
6.992044542E1,-7.418764004E1
7.002928000E1,-7.033082716E1
7.013712067E1,-6.980924006E1
7.024592704E1,-6.964901858E1
7.035380483E1,-6.980619986E1
7.046252154E1,-7.285202977E1
7.057045387E1,-3.493336256E1
7.067930821E1,-3.663209525E1
7.078712883E1,-4.306168307E1
7.089582533E1,-4.432799676E1
7.100374238E1,-4.511816721E1
7.110824417E1,-4.514116419E1
7.121690942E1,-4.610603089E1
7.132575804E1,-4.595908269E1
7.143444487E1,-4.678878952E1
7.154320858E1,-4.711779294E1
7.165173704E1,-4.812930258E1
7.176073258E1,-4.822625150E1
7.186935375E1,-4.906962545E1
7.197690442E1,-4.944253042E1
7.208559308E1,-5.011278573E1
7.219203458E1,-5.018781663E1
7.230062492E1,-5.113256197E1
7.240644192E1,-5.097374274E1
7.251509479E1,-5.170924669E1
7.262036250E1,-5.236266522E1
7.272927954E1,-5.226731151E1
7.283706829E1,-5.374421612E1
7.294562392E1,-5.477084037E1
7.305354112E1,-5.490048157E1
7.316206596E1,-5.584168770E1
7.327028850E1,-5.601876835E1
7.337916654E1,-5.713200570E1
7.348692246E1,-5.755295104E1
7.359581646E1,-5.783748641E1
7.370370042E1,-5.889764565E1
7.381232729E1,-5.848582916E1
7.392033654E1,-6.063965367E1
7.402918104E1,-6.007601494E1
7.413693646E1,-6.150941817E1
7.424554087E1,-6.228176610E1
7.435353375E1,-6.326297190E1
7.445722467E1,-6.357077354E1
7.456593029E1,-6.481121905E1
7.467030592E1,-6.443538347E1
7.477907333E1,-6.650115381E1
7.488686750E1,-6.488791663E1
7.499575862E1,-6.735850639E1
7.510351225E1,-6.699505268E1
7.521230604E1,-6.771150656E1
7.532029892E1,-6.844073920E1
7.542905250E1,-6.818038319E1
7.553686612E1,-7.000149237E1
7.564567733E1,-6.904585180E1
7.575340250E1,-6.903125391E1
7.586212712E1,-7.137738847E1
7.597007771E1,-7.050674493E1
7.607875596E1,-7.248891867E1
7.618607650E1,-7.315984200E1
7.629490708E1,-7.133340712E1
7.640344687E1,-7.274518429E1
7.651214379E1,-7.216831442E1
7.662010288E1,-7.444187118E1
7.672916088E1,-7.417963948E1
7.683678446E1,-7.180641253E1
7.694261321E1,-7.169105787E1
7.705112575E1,-7.416794895E1
7.716012742E1,-7.225363680E1
7.726874158E1,-7.275176072E1
7.737738329E1,-7.306334762E1
7.748619413E1,-7.427414976E1
7.759497667E1,-7.129543468E1
7.770346571E1,-7.264317677E1
7.781220983E1,-7.341177566E1
7.792016425E1,-7.379541721E1
7.802913258E1,-7.556105951E1
7.813675817E1,-7.482925136E1
7.824561692E1,-7.512172362E1
7.835327596E1,-7.646803407E1
7.846186687E1,-7.546318262E1
7.857005442E1,-7.450703332E1
7.867409117E1,-7.549938264E1
7.878284083E1,-7.340898493E1
7.889164787E1,-7.381291877E1
7.899598383E1,-7.540209641E1
7.910332867E1,-7.493494633E1
7.921214479E1,-7.537532995E1
7.931999929E1,-7.391207760E1
7.942867858E1,-7.408670682E1
7.953665458E1,-7.568038348E1
7.964523758E1,-7.672037616E1
7.975329983E1,-7.595566900E1
7.986184050E1,-7.464443092E1
7.996993258E1,-7.593339069E1
8.007867933E1,-7.703527242E1
8.018658192E1,-7.419359586E1
8.029550596E1,-6.813473038E1
8.040331296E1,-7.323641574E1
8.050768512E1,-7.102701900E1
8.061634129E1,-3.488912330E1
8.072786737E1,-4.378137884E1
8.083668846E1,-4.648625176E1
8.094519450E1,-4.801789456E1
8.105311950E1,-4.872300299E1
8.116159550E1,-4.913130611E1
8.126943667E1,-4.992260204E1
8.137603617E1,-5.046899324E1
8.147981925E1,-5.063142514E1
8.158654096E1,-5.168247764E1
8.169515983E1,-5.142593638E1
8.180330358E1,-5.265461600E1
8.191203833E1,-5.289551210E1
8.201989821E1,-5.348161366E1
8.212489337E1,-5.427058625E1
8.223271379E1,-5.442502620E1
8.233664571E1,-5.529635368E1
8.244541671E1,-5.563445642E1
8.255295008E1,-5.614462481E1
8.266170929E1,-5.757908539E1
8.276964479E1,-5.704122321E1
8.287847292E1,-5.820382775E1
8.298649525E1,-5.864898941E1
8.309535083E1,-5.865911726E1
8.320311537E1,-6.017616146E1
8.331179033E1,-5.966332189E1
8.341974417E1,-6.119884994E1
8.352860138E1,-6.105060408E1
8.363646537E1,-6.216107532E1
8.374510471E1,-6.214829092E1
8.385292996E1,-6.341552683E1
8.395963062E1,-6.401951202E1
8.406819654E1,-6.553470661E1
8.417712488E1,-6.381112634E1
8.428475712E1,-6.598410566E1
8.439353500E1,-6.590170694E1
8.450228433E1,-6.708790340E1
8.461102229E1,-6.686302872E1
8.471971137E1,-6.726624571E1
8.482819029E1,-6.911034773E1
8.493640529E1,-6.879580955E1
8.504514488E1,-6.921233204E1
8.515288867E1,-7.088935066E1
8.526160175E1,-7.024932719E1
8.536958171E1,-7.133832923E1
8.547526283E1,-7.208563528E1
8.558384917E1,-7.189702006E1
8.569259500E1,-7.252280758E1
8.579746550E1,-7.117987165E1
8.590302042E1,-7.322522101E1
8.601170229E1,-7.385494029E1
8.611975642E1,-7.452378568E1
8.622604775E1,-7.457579624E1
8.633462579E1,-7.419238591E1
8.643915025E1,NaN
8.654619004E1,-7.439755033E1
8.665292458E1,-7.252372163E1
8.675812108E1,-7.415826451E1
8.686589337E1,-7.279062370E1
8.697257800E1,-7.505833656E1
8.708134717E1,-7.492207308E1
8.718620404E1,-7.409565424E1
8.729449371E1,-7.596819810E1
8.740291775E1,-7.377532538E1
8.751173746E1,-7.552753688E1
8.761947158E1,-7.662523688E1
8.772836029E1,-7.408405784E1
8.783620487E1,-7.474905865E1
8.794482804E1,-7.286218173E1
8.805265275E1,-7.279684267E1
8.816127425E1,-7.190584936E1
8.826946279E1,-7.314466617E1
8.837840967E1,-7.272777767E1
8.848611446E1,-7.309425242E1
8.859479792E1,-7.453381404E1
8.870281363E1,-7.503033085E1
8.881162512E1,-7.269098277E1
8.891952600E1,-7.520465026E1
8.902825900E1,-7.367384744E1
8.913615587E1,-7.289542304E1
8.924324271E1,-7.431849534E1
8.935169954E1,-7.757575429E1
8.946030692E1,-7.718935903E1
8.956751025E1,-7.550633783E1
8.967479312E1,-7.541990839E1
8.978339054E1,-7.444681480E1
8.989227550E1,-7.719229916E1
9.000101475E1,-7.525202789E1
9.010766946E1,-7.354047666E1
9.021648658E1,-7.528462286E1
9.032537837E1,-7.337060688E1
9.043407283E1,-7.357508713E1
9.054066096E1,-7.316923976E1
9.064496942E1,-3.373963990E1
9.075255450E1,-3.985627122E1
9.086124425E1,-4.097930261E1
9.096930833E1,-4.165986495E1
9.107563412E1,-4.211599176E1
9.118361550E1,-4.242865829E1
9.129263642E1,-4.295250890E1
9.140131075E1,-4.340614325E1
9.151030683E1,-4.408798707E1
9.161692633E1,-4.447963086E1
9.172599517E1,-4.546075949E1
9.183415004E1,-4.557634373E1
9.194316717E1,-4.690027370E1
9.205181567E1,-4.774904683E1
9.216053158E1,-4.873334778E1
9.226484517E1,-4.838174753E1
9.236917025E1,-4.969472113E1
9.247802683E1,-4.945300178E1
9.258592204E1,-5.037629859E1
9.269258437E1,-5.074073689E1
9.280128825E1,-5.144762493E1
9.291028621E1,-5.194862117E1
9.301715592E1,-5.274287841E1
9.312540500E1,-5.360237871E1
9.323418612E1,-5.373273135E1
9.334317275E1,-5.552104642E1
9.344754587E1,-5.670333684E1
9.355240146E1,-5.666712673E1
9.366110325E1,-5.711721839E1
9.376913408E1,-5.838650146E1
9.387773129E1,-5.781647326E1
9.398581912E1,-5.996102778E1
9.409454792E1,-5.948313026E1
9.420250950E1,-6.106220248E1
9.431121392E1,-6.030173830E1
9.441917383E1,-6.170516702E1
9.452805717E1,-6.168934187E1
9.463568467E1,-6.431473678E1
9.474433275E1,-6.305750960E1
9.485236483E1,-6.602047184E1
9.496095779E1,-6.429235603E1
9.506911692E1,-6.685851661E1
9.517670879E1,-6.677022215E1
9.528584558E1,-6.652013985E1
9.539452817E1,-6.834380093E1
9.550243742E1,-6.740491524E1
9.561038617E1,-6.997201842E1
9.571915162E1,-6.906348982E1
9.582581537E1,-6.958716402E1
9.593433267E1,-7.173258909E1
9.604169417E1,-7.093320607E1
9.615021787E1,-7.164927852E1
9.625905300E1,-7.312902473E1
9.636762458E1,-7.124070464E1
9.647661088E1,-7.416583703E1
9.658536842E1,-7.201394916E1
9.669212429E1,-7.357324137E1
9.680080654E1,-7.317278606E1
9.690966150E1,-7.361321976E1
9.701725592E1,-7.442572571E1
9.712604521E1,-7.369573280E1
9.723490479E1,-7.250405291E1
9.734338850E1,-7.366258556E1
9.745187525E1,-7.437771322E1
9.756058767E1,-7.447581965E1
9.766886342E1,-7.440934973E1
9.777774762E1,-7.371247304E1
9.788555337E1,-7.497435632E1
9.799410500E1,-7.373211968E1
9.810228308E1,-7.496258819E1
9.821096250E1,-7.390875499E1
9.831894617E1,-7.331817735E1
9.842765037E1,-7.260896500E1
9.853581213E1,-7.417351181E1
9.864433383E1,-7.412618918E1
9.875217542E1,-7.538834970E1
9.886099383E1,-7.416257996E1
9.896890338E1,-7.512399523E1
9.907750517E1,-7.576053820E1
9.918555979E1,-7.428257490E1
9.929441146E1,-7.520790346E1
9.940225387E1,-7.544032801E1
9.950934667E1,-7.494821037E1
9.961810683E1,-7.516843550E1
9.972688513E1,-7.299275809E1
9.983569329E1,-7.512064160E1
9.994269692E1,-7.658800589E1
1.000483052E2,-7.523367522E1
1.001571720E2,-7.218181271E1
1.002656865E2,-7.459010709E1
1.003742230E2,-7.343020087E1
1.004818414E2,-6.016594487E1
1.005904305E2,-3.363557456E1
1.006979663E2,-4.345488211E1
1.008021108E2,-4.502480093E1
1.009075421E2,-4.616092267E1
1.010162118E2,-4.642150445E1
1.011251122E2,-4.743579211E1
1.012337109E2,-4.752633012E1
1.013426095E2,-4.856824543E1
1.014511377E2,-4.912057315E1
1.015578031E2,-5.013059567E1
1.016663150E2,-4.961000839E1
1.017752579E2,-5.092941560E1
1.018842072E2,-5.055691199E1
1.019909707E2,-5.142881956E1
1.020977149E2,-5.173221418E1
1.022021179E2,-5.217996001E1
1.023071003E2,-5.287998586E1
1.024158501E2,-5.329061431E1
1.025243913E2,-5.441639067E1
1.026310286E2,-5.443425749E1
1.027353702E2,-5.607735361E1
1.028443540E2,-5.573532821E1
1.029520837E2,-5.732914923E1
1.030607298E2,-5.802362475E1
1.031687097E2,-5.983161893E1
1.032774879E2,-5.882915660E1
1.033853593E2,-6.112129175E1
1.034941755E2,-6.063511945E1
1.036020130E2,-6.191489062E1
1.037107557E2,-6.244361674E1
1.038187141E2,-6.271658697E1
1.039275014E2,-6.407721876E1
1.040354067E2,-6.398253016E1
1.041441996E2,-6.636989352E1
1.042518378E2,-6.770820299E1
1.043589526E2,-6.651901566E1
1.044676609E2,-6.851240842E1
1.045764731E2,-6.954739288E1
1.046852519E2,-6.847036141E1
1.047940607E2,-7.137813968E1
1.049018208E2,-6.942856733E1
1.050103771E2,-7.274927978E1
1.051185453E2,-7.043659895E1
1.052274090E2,-7.191137218E1
1.053355422E2,-7.186638613E1
1.054442296E2,-7.267619293E1
1.055517428E2,-7.320288326E1
1.056603987E2,-7.156535111E1
1.057684878E2,-7.300277839E1
1.058771731E2,-7.355298325E1
1.059852969E2,-7.544533462E1
1.060940963E2,-7.451702796E1
1.062019613E2,-7.544709276E1
1.063107599E2,-7.437569410E1
1.064185735E2,-7.401772124E1
1.065273267E2,-7.401818012E1
1.066351814E2,-7.384071738E1
1.067438381E2,-7.519573384E1
1.068516495E2,-7.406820591E1
1.069602250E2,-7.356175425E1
1.070683318E2,-7.499322949E1
1.071771311E2,-7.364865356E1
1.072851609E2,-7.271456715E1
1.073939540E2,-7.325238718E1
1.075018226E2,-7.315128101E1
1.076106397E2,-7.383667980E1
1.077184577E2,-7.460696870E1
1.078268336E2,-7.556899849E1
1.079351253E2,-7.412212583E1
1.080440399E2,-7.368614653E1
1.081516586E2,-7.541318662E1
1.082604135E2,-7.582172085E1
1.083683010E2,-7.322628563E1
1.084772086E2,-7.594397182E1
1.085850092E2,-7.454089632E1
1.086894680E2,-7.694988412E1
1.087961394E2,-7.584246703E1
1.089017031E2,-7.497790895E1
1.090105429E2,-7.642988223E1
1.091184094E2,-7.556281143E1
1.092271879E2,-7.503640111E1
1.093351398E2,-7.398065159E1
1.094424002E2,-7.522161970E1
1.095505414E2,-7.301700637E1
1.096592197E2,-7.053478447E1
1.097678438E2,-7.448549685E1
1.098742664E2,-7.567113878E1
1.099828440E2,-7.488732975E1
1.100916868E2,-7.484348424E1
1.102003113E2,-7.572384912E1
1.103091272E2,-7.544279175E1
1.104179212E2,-6.744601325E1
1.105268149E2,-7.537472673E1
1.106347609E2,-3.155798906E1
1.107423730E2,-3.448283478E1
1.108511445E2,-3.496855692E1
1.109596062E2,-3.586341153E1
1.110682845E2,-3.651826987E1
1.111770529E2,-3.680665115E1
1.112848149E2,-3.777603909E1
1.113934912E2,-3.798874625E1
1.115015145E2,-3.915984844E1
1.116103664E2,-3.989468044E1
1.117182745E2,-4.107163502E1
1.118270750E2,-4.200906343E1
1.119348103E2,-4.400065591E1
1.120434778E2,-4.422251043E1
1.121515176E2,-4.566899950E1
1.122601197E2,-4.490745605E1
1.123683293E2,-4.693269180E1
1.124769751E2,-4.653841234E1
1.125847569E2,-4.740164625E1
1.126933733E2,-4.869268616E1
1.128015462E2,-4.784851910E1
1.129102876E2,-5.028419984E1
1.130181220E2,-4.947480541E1
1.131267982E2,-5.136518249E1
1.132347202E2,-5.218457847E1
1.133399251E2,NaN
1.134470749E2,-5.271629806E1
1.135514189E2,-5.499933149E1
1.136599800E2,-5.381079003E1
1.137681630E2,-5.717482346E1
1.138733586E2,-5.460167168E1
1.139819577E2,-5.804161529E1
1.140866747E2,-5.725387741E1
1.141934114E2,-5.746310164E1
1.143015124E2,-5.991822495E1
1.144066892E2,-5.756598044E1
1.145154934E2,-6.143503546E1
1.146235622E2,-5.957775355E1
1.147309356E2,-6.246029254E1
1.148348602E2,-6.071478002E1
1.149431762E2,-6.256487564E1
1.150514061E2,-6.351932521E1
1.151601577E2,-6.653730013E1
1.152681765E2,-6.307440130E1
1.153769648E2,-6.807150323E1
1.154848162E2,-6.407161223E1
1.155932135E2,-6.860539323E1
1.157015131E2,-6.781225127E1
1.158102858E2,-6.719060855E1
1.159181069E2,-6.826223606E1
1.160267711E2,-6.534916105E1
1.161348131E2,-7.089715524E1
1.162424403E2,-6.923960722E1
1.163510335E2,-6.954895494E1
1.164595955E2,-7.076855317E1
1.165680464E2,-7.136208944E1
1.166768393E2,-7.224573401E1
1.167847103E2,-7.473794952E1
1.168934163E2,-7.004100478E1
1.170013578E2,-7.281898479E1
1.171103087E2,-7.108832780E1
1.172179329E2,-7.424585798E1
1.173264880E2,-7.210909670E1
1.174346655E2,-7.203706300E1
1.175434042E2,-7.413447705E1
1.176512526E2,-7.363338067E1
1.177565926E2,-7.261866977E1
1.178626380E2,-7.334804582E1
1.179677920E2,-7.249236526E1
1.180764725E2,-7.196121384E1
1.181846408E2,-7.508656729E1
1.182907917E2,-7.376140755E1
1.183995100E2,-7.338676923E1
1.185068512E2,-7.239712616E1
1.186154903E2,-7.550604109E1
1.187244031E2,-7.313712565E1
1.188287324E2,-7.076883315E1
1.189346399E2,-7.582697152E1
1.190433272E2,-7.500013689E1
1.191511750E2,-7.358687961E1
1.192597146E2,-7.662443530E1
1.193679474E2,-7.378803232E1
1.194766263E2,-7.347036838E1
1.195845597E2,-7.496028618E1
1.196932963E2,-7.283846554E1
1.198011680E2,-7.426416844E1
1.199099878E2,-7.296597919E1
1.200179402E2,-7.506592635E1
1.201266148E2,-7.527393239E1
1.202344723E2,-7.208295430E1
1.203430805E2,-7.348054890E1
1.204510300E2,-7.236337213E1
1.205596958E2,-3.451434854E1
1.206678640E2,-4.226065620E1
1.207765129E2,-4.686419380E1
1.208844574E2,-4.790144352E1
1.209932329E2,-4.847750974E1
1.211011173E2,-4.915621431E1
1.212052560E2,-5.001054439E1
1.213140365E2,-5.057886788E1
1.214178636E2,-5.140316724E1
1.215265398E2,-5.207582090E1
1.216345601E2,-5.279728270E1
1.217433989E2,-5.313918176E1
1.218509732E2,-5.413762505E1
1.219584398E2,-5.516437011E1
1.220672272E2,-5.544022089E1
1.221752775E2,-5.578586427E1
1.222839838E2,-5.678928303E1
1.223927840E2,-5.673120301E1
1.225011182E2,-5.810425594E1
1.226097820E2,-5.834038578E1
1.227177545E2,-5.926613528E1
1.228264925E2,-5.986329453E1
1.229345025E2,-6.072673128E1
1.230433586E2,-6.161076443E1
1.231510971E2,-6.340006299E1
1.232596318E2,-6.328921070E1
1.233676862E2,-6.494740025E1
1.234765576E2,-6.442743746E1
1.235843157E2,-6.589550998E1
1.236925645E2,-6.649148312E1
1.238009976E2,-6.631451194E1
1.239098198E2,-6.846502002E1
1.240177109E2,-6.772619323E1
1.241265579E2,-6.962105167E1
1.242343745E2,-6.928483014E1
1.243431150E2,-6.949434604E1
1.244508309E2,-7.044135028E1
1.245593806E2,-7.113054314E1
1.246676191E2,-7.188445364E1
1.247763861E2,-7.309366981E1
1.248842991E2,-7.224336142E1
1.249931532E2,-7.420217161E1
1.251009300E2,-7.386475936E1
1.252096905E2,-7.157133466E1
1.253176420E2,-7.071698273E1
1.254249230E2,-7.268252298E1
1.255323476E2,-7.200964440E1
1.256413836E2,-7.398246395E1
1.257499455E2,-7.165857226E1
1.258586702E2,-7.289720590E1
1.259637193E2,-7.483368346E1
1.260675602E2,-7.549867418E1
1.261730908E2,-7.205071945E1
1.262817572E2,-7.114050007E1
1.263908359E2,-7.376574177E1
1.264996730E2,-7.282906633E1
1.266047148E2,-7.334632892E1
1.267134481E2,-7.502296476E1
1.268174391E2,-7.462245331E1
1.269262137E2,-7.237523095E1
1.270340785E2,-7.333575098E1
1.271425072E2,-7.152304455E1
1.272505751E2,-7.464536194E1
1.273592614E2,-7.200243241E1
1.274673539E2,-7.357023545E1
1.275761666E2,-7.416642324E1
1.276841962E2,-7.275949840E1
1.277894904E2,-7.333221939E1
1.278970557E2,-7.617694299E1
1.280064470E2,-7.580432826E1
1.281142995E2,-7.162081360E1
1.282234709E2,-7.098996125E1
1.283322292E2,-7.367473549E1
1.284411981E2,-7.527657453E1
1.285500264E2,-7.405231310E1
1.286569838E2,-7.468801212E1
1.287657931E2,-7.667043773E1
1.288703542E2,-7.316031469E1
1.289791043E2,-7.313182025E1
1.290839638E2,-7.053310475E1
1.291926600E2,-7.056439964E1
1.293006192E2,-7.294368110E1
1.294091416E2,-7.429249979E1
1.295173043E2,-7.217222452E1
1.296260572E2,-7.066198115E1
1.297340000E2,-7.123465233E1
1.298425520E2,-7.000790416E1
1.299505134E2,-7.158311091E1
1.300590993E2,-7.378857691E1
1.301671240E2,-7.433517304E1
1.302757884E2,-7.232284865E1
1.303839021E2,-6.971112133E1
1.304926944E2,-6.887535929E1
1.306003129E2,-7.043220033E1
1.307050610E2,-3.695135818E1
1.308138098E2,-3.697757692E1
1.309185017E2,-4.281922793E1
1.310271937E2,-4.372265716E1
1.311336782E2,-4.436829463E1
1.312423449E2,-4.527297274E1
1.313503999E2,-4.500328598E1
1.314589945E2,-4.585553256E1
1.315670925E2,-4.621333037E1
1.316758254E2,-4.632703981E1
1.317838673E2,-4.743861689E1
1.318925783E2,-4.707290269E1
1.320003807E2,-4.825742821E1
1.321091121E2,-4.834706466E1
1.322171472E2,-4.885542073E1
1.323257930E2,-4.933652771E1
1.324338346E2,-4.957895136E1
1.325423337E2,-5.044257360E1
1.326503047E2,-5.128554775E1
1.327591635E2,-5.113980250E1
1.328671300E2,-5.278020361E1
1.329723895E2,-5.235052703E1
1.330810308E2,-5.373821344E1
1.331897773E2,-5.428157951E1
1.332983898E2,-5.423982919E1
1.334023877E2,-5.588452461E1
1.335109980E2,-5.536905180E1
1.336171390E2,-5.719363919E1
1.337259508E2,-5.696192584E1
1.338337897E2,-5.796008477E1
1.339399677E2,-5.814476561E1
1.340484779E2,-5.980812797E1
1.341571776E2,-6.000721202E1
1.342657427E2,-6.176828800E1
1.343746806E2,-6.043897781E1
1.344813982E2,-6.336944265E1
1.345876256E2,-6.237641843E1
1.346962652E2,-6.367636575E1
1.348005004E2,-6.484094042E1
1.349062549E2,-6.365015632E1
1.350128397E2,-6.625420109E1
1.351171101E2,-6.509732490E1
1.352258210E2,-6.752521979E1
1.353338364E2,-6.677796576E1
1.354410805E2,-6.755388266E1
1.355499350E2,-6.838092041E1
1.356587506E2,-6.759228971E1
1.357669480E2,-6.681074747E1
1.358744592E2,-6.830986036E1
1.359832559E2,-6.612017943E1
1.360920615E2,-6.680562745E1
1.362003725E2,-6.785473394E1
1.363047578E2,-7.035301957E1
1.364135468E2,-7.252525430E1
1.365224662E2,-7.256909952E1
1.366310897E2,-7.292844757E1
1.367399330E2,-7.069791216E1
1.368473657E2,-7.180857553E1
1.369564428E2,-7.108308902E1
1.370650032E2,-7.138047246E1
1.371739227E2,-7.157279886E1
1.372826172E2,-7.248319003E1
1.373915800E2,-6.937820089E1
1.375004057E2,-7.059647780E1
1.376090902E2,-7.141720814E1
1.377169702E2,-7.225351687E1
1.378256969E2,-7.412106003E1
1.379335611E2,-7.094586777E1
1.380424273E2,-7.140527581E1
1.381503398E2,-7.254378752E1
1.382568952E2,-6.965204625E1
1.383634721E2,-7.051832024E1
1.384725895E2,-7.135781745E1
1.385812705E2,-7.284746466E1
1.386856130E2,-6.904160491E1
1.387943769E2,-6.956737647E1
1.389002227E2,-7.105538564E1
1.390088376E2,-7.239944063E1
1.391169212E2,-7.540752815E1
1.392258649E2,-7.370244942E1
1.393335830E2,-7.296067106E1
1.394403900E2,-7.401613200E1
1.395489215E2,-7.501210115E1
1.396553987E2,-7.234000982E1
1.397639555E2,-7.066318425E1
1.398727476E2,-7.108623270E1
1.399768952E2,-7.101251869E1
1.400835225E2,-7.227168901E1
1.401922857E2,-7.189664418E1
1.403001412E2,-7.318802350E1
1.404080208E2,-7.494976783E1
1.405126353E2,-7.438272063E1
1.406167896E2,-3.393397003E1
1.407225583E2,-3.760343243E1
1.408312621E2,-3.795625780E1
1.409403491E2,-3.911726722E1
1.410489600E2,-3.940465167E1
1.411580873E2,-4.090340709E1
1.412668519E2,-4.042204710E1
1.413754484E2,-4.176708322E1
1.414834948E2,-4.219395083E1
1.415921253E2,-4.270364456E1
1.417001274E2,-4.378596068E1
1.418089174E2,-4.389502284E1
1.419167761E2,-4.481075030E1
1.420255100E2,-4.474356885E1
1.421334865E2,-4.573115949E1
1.422422016E2,-4.525902304E1
1.423499498E2,-4.651617480E1
1.424548685E2,-4.724026531E1
1.425632980E2,-4.852889469E1
1.426739220E2,-4.786878088E1
1.427826997E2,-5.032907978E1
1.428898510E2,-4.959251000E1
1.429986763E2,-5.133856741E1
1.431074112E2,-5.161593412E1
1.432161970E2,-5.208651014E1
1.433249208E2,-5.297024326E1
1.434332757E2,-5.327892833E1
1.435419860E2,-5.475944821E1
1.436497893E2,-5.655592197E1
1.437584320E2,-5.488072060E1
1.438664088E2,-5.772146805E1
1.439751665E2,-5.740023748E1
1.440831513E2,-5.742959874E1
1.441918282E2,-6.007112026E1
1.442999853E2,-5.774502698E1
1.444083047E2,-6.188133802E1
1.445165294E2,-5.985927820E1
1.446230905E2,-6.195788822E1
1.447318118E2,-6.166924629E1
1.448385820E2,-6.190389280E1
1.449470568E2,-6.325885389E1
1.450558174E2,-6.626798491E1
1.451600386E2,-6.319238656E1
1.452666199E2,-6.658998791E1
1.453751571E2,-6.419648463E1
1.454832010E2,-6.683348532E1
1.455920130E2,-6.636870371E1
1.456997604E2,-6.677609967E1
1.458083324E2,-6.839414638E1
1.459165256E2,-6.728299292E1
1.460246893E2,-7.090777317E1
1.461331405E2,-6.864996582E1
1.462418008E2,-6.987496484E1
1.463496373E2,-7.031802305E1
1.464581639E2,-7.151420243E1
1.465664449E2,-7.127056604E1
1.466750993E2,-7.253196478E1
1.467830590E2,-7.038757627E1
1.468916872E2,-7.373849078E1
1.469996663E2,-6.969684740E1
1.471085794E2,-7.297064589E1
1.472163290E2,-6.986580137E1
1.473251254E2,-7.118394555E1
1.474329628E2,-7.183622018E1
1.475415551E2,-7.383654171E1
1.476495605E2,-7.200623024E1
1.477565697E2,-7.262172186E1
1.478651499E2,-7.205646861E1
1.479691569E2,-7.333246468E1
1.480777968E2,-7.567876262E1
1.481829831E2,-7.198664998E1
1.482907963E2,-7.200404766E1
1.483994423E2,-7.217735131E1
1.485081861E2,-7.183883668E1
1.486162314E2,-6.962048869E1
1.487250753E2,-6.933234841E1
1.488330877E2,-7.168774221E1
1.489418210E2,-7.078960671E1
1.490495235E2,-7.162830631E1
1.491579688E2,-7.358761651E1
1.492661749E2,-7.350806635E1
1.493748175E2,-7.317487186E1
1.494827968E2,-7.241125626E1
1.495920196E2,-7.251950784E1
1.496996339E2,-7.258125896E1
1.498085517E2,-7.165312061E1
1.499161674E2,-7.243137339E1
1.500249447E2,-7.236069190E1
1.501328815E2,-7.406274157E1
1.502402927E2,-7.438417174E1
1.503490238E2,-6.379766413E1
1.504575545E2,-7.000088905E1
1.505661009E2,-7.289202133E1
1.506751448E2,-3.314509724E1
1.507827630E2,-4.242952386E1
1.508877635E2,-4.459908732E1
1.509963566E2,-4.560589939E1
1.511052312E2,-4.587270227E1
1.512139485E2,-4.630408813E1
1.513230025E2,-4.648933956E1
1.514282995E2,-4.710440458E1
1.515328226E2,-4.741357805E1
1.516414512E2,-4.864635078E1
1.517492712E2,-4.838672255E1
1.518578516E2,-4.964221836E1
1.519660539E2,-4.957556415E1
1.520716910E2,-5.018340309E1
1.521801790E2,-5.089641101E1
1.522891204E2,-5.089471699E1
1.523978358E2,-5.171223680E1
1.525066306E2,-5.188854588E1
1.526154059E2,-5.261856698E1
1.527240800E2,-5.280177739E1
1.528328272E2,-5.381740559E1
1.529412470E2,-5.506661138E1
1.530493002E2,-5.560685035E1
1.531578909E2,-5.558513053E1
1.532659508E2,-5.743936906E1
1.533747357E2,-5.674009116E1
1.534824792E2,-5.848564901E1
1.535889995E2,-5.847671838E1
1.536977235E2,-5.909791460E1
1.538066900E2,-6.010388974E1
1.539153826E2,-5.986163455E1
1.540240562E2,-6.156280021E1
1.541326377E2,-6.132818861E1
1.542413388E2,-6.226545217E1
1.543492200E2,-6.381808617E1
1.544576851E2,-6.374027408E1
1.545658459E2,-6.447081320E1
1.546745957E2,-6.570757091E1
1.547825327E2,-6.507432224E1
1.548911729E2,-6.761797791E1
1.549991391E2,-6.616143528E1
1.551077590E2,-6.826868549E1
1.552160475E2,-6.772380735E1
1.553232819E2,-6.806060723E1
1.554319683E2,-7.000072410E1
1.555364407E2,NaN
1.556400989E2,-7.149561393E1
1.557487925E2,-7.102173712E1
1.558575734E2,-7.027982686E1
1.559659357E2,-7.091542411E1
1.560745206E2,-7.258922754E1
1.561822425E2,-7.217100008E1
1.562871734E2,-7.389467842E1
1.563933944E2,-7.155775156E1
1.564992558E2,-7.328627627E1
1.566080918E2,-7.421003215E1
1.567159506E2,-7.271227291E1
1.568247868E2,-7.381165960E1
1.569326066E2,-7.223582329E1
1.570368355E2,-7.487595871E1
1.571453830E2,-7.314961719E1
1.572491237E2,-7.391570263E1
1.573577303E2,-7.351185322E1
1.574657969E2,-7.464154608E1
1.575745655E2,-7.314038637E1
1.576824723E2,-7.274718059E1
1.577911349E2,-7.399553532E1
1.578992140E2,-7.484533507E1
1.580079075E2,-7.486018449E1
1.581157481E2,-7.521925348E1
1.582244286E2,-7.409631252E1
1.583324017E2,-7.308228400E1
1.584375883E2,NaN
1.585445370E2,-7.267099774E1
1.586491032E2,-7.285314970E1
1.587576344E2,-7.546829753E1
1.588657131E2,-7.619331321E1
1.589732615E2,-7.474540594E1
1.590777849E2,-7.581416419E1
1.591824070E2,-7.501241103E1
1.592878629E2,-7.474449726E1
1.593963969E2,-7.539134963E1
1.595020636E2,-7.480728690E1
1.596110469E2,-7.594358952E1
1.597157365E2,-7.396370356E1
1.598244551E2,-7.448345100E1
1.599323546E2,-7.510758545E1
1.600364451E2,-7.394770833E1
1.601444333E2,-7.415612336E1
1.602489281E2,-7.387873534E1
1.603577717E2,-7.350666396E1
1.604656373E2,-3.567862185E1
1.605742524E2,-3.427832437E1
1.606823585E2,-4.093674044E1
1.607910268E2,-4.246642510E1
1.608989924E2,-4.350385293E1
1.610065321E2,-4.381963461E1
1.611152341E2,-4.471686911E1
1.612239572E2,-4.461442632E1
1.613324442E2,-4.549934816E1
1.614411472E2,-4.587510904E1
1.615487957E2,-4.716227468E1
1.616574725E2,-4.653988602E1
1.617654698E2,-4.791115217E1
1.618740103E2,-4.796406651E1
1.619822027E2,-4.842076878E1
1.620914947E2,-4.900280857E1
1.621990220E2,-4.907456873E1
1.623076912E2,-4.979550613E1
1.624156142E2,-5.006890545E1
1.625243548E2,-5.087472757E1
1.626322941E2,-5.076532078E1
1.627410460E2,-5.216741286E1
1.628487775E2,-5.315946303E1
1.629574208E2,-5.371810469E1
1.630654521E2,-5.361503047E1
1.631742617E2,-5.553381778E1
1.632821746E2,-5.474944557E1
1.633910181E2,-5.638296127E1
1.634989056E2,-5.641099814E1
1.636075359E2,-5.707677133E1
1.637155385E2,-5.779738969E1
1.638242832E2,-5.816890280E1
1.639322478E2,-5.919821816E1
1.640410063E2,-5.917616373E1
1.641486656E2,-5.992995000E1
1.642572557E2,-6.207392046E1
1.643653925E2,-6.170042482E1
1.644697875E2,-6.243121570E1
1.645782872E2,-6.391629145E1
1.646870927E2,-6.274263288E1
1.647923311E2,-6.575960721E1
1.648986913E2,-6.405498219E1
1.650076052E2,-6.633432339E1
1.651156003E2,-6.572578801E1
1.652233516E2,-6.530112724E1
1.653321975E2,-6.685700648E1
1.654408263E2,-6.870812808E1
1.655486333E2,-6.815967982E1
1.656571679E2,-7.075606717E1
1.657653522E2,-6.856180970E1
1.658742840E2,-7.137914783E1
1.659820634E2,-7.030182075E1
1.660908058E2,-7.090263904E1
1.661987102E2,-7.256066751E1
1.663045492E2,-7.069305996E1
1.664131932E2,-7.404876110E1
1.665220927E2,-7.182843777E1
1.666309377E2,-7.221554067E1
1.667394077E2,-7.161393277E1
1.668479626E2,-7.407557496E1
1.669559076E2,-7.395527496E1
1.670644160E2,-7.408880680E1
1.671731753E2,-7.331977805E1
1.672819695E2,-7.408107241E1
1.673905698E2,-7.444842934E1
1.674987235E2,-7.493744322E1
1.676075380E2,-7.314862220E1
1.677152860E2,-7.230208271E1
1.678240926E2,-7.320897437E1
1.679319238E2,-7.275296285E1
1.680391106E2,-7.492455669E1
1.681475015E2,-7.393132149E1
1.682562755E2,-7.324799558E1
1.683649453E2,-7.445105716E1
1.684737384E2,-7.413445090E1
1.685820049E2,-7.310726463E1
1.686908005E2,-7.448461553E1
1.687985657E2,-7.457824404E1
1.689072361E2,-7.421506395E1
1.690151906E2,-7.237365862E1
1.691240936E2,-7.224555363E1
1.692318981E2,-7.492118742E1
1.693405766E2,-7.597171722E1
1.694484043E2,-7.515874057E1
1.695571090E2,-7.615516747E1
1.696651605E2,-7.689354372E1
1.697739188E2,-7.399889858E1
1.698818764E2,-7.430008940E1
1.699900552E2,-7.693803219E1
1.700984615E2,-7.542493266E1
1.702056610E2,-7.505865673E1
1.703143464E2,-7.167316910E1
1.704229502E2,-7.164279223E1
1.705317031E2,-7.388491520E1
1.706402495E2,-7.453983613E1
1.707483964E2,-3.380885477E1
1.708535000E2,-3.444605168E1
1.709619840E2,-3.550712523E1
1.710706122E2,-3.623675509E1
1.711791035E2,-3.650849326E1
1.712872087E2,-3.751568568E1
1.713959329E2,-3.785534207E1
1.715049168E2,-3.889855302E1
1.716128430E2,-3.964156806E1
1.717171100E2,-4.064532705E1
1.718256619E2,-4.163089479E1
1.719318593E2,-4.267908511E1
1.720407488E2,-4.360168293E1
1.721482579E2,-4.533321700E1
1.722569552E2,-4.469842884E1
1.723649104E2,-4.668334950E1
1.724735295E2,-4.624816684E1
1.725817803E2,-4.706716100E1
1.726881803E2,-4.811625113E1
1.727969766E2,-4.761780181E1
1.729057005E2,-4.963459803E1
1.730144760E2,-4.920219634E1
1.731232145E2,-5.085795513E1
1.732317832E2,-5.073042118E1
1.733404346E2,-5.216766262E1
1.734483138E2,-5.332521549E1
1.735568810E2,-5.428933279E1
1.736648510E2,-5.354332761E1
1.737735537E2,-5.665817039E1
1.738815920E2,-5.418782172E1
1.739889292E2,-5.786266015E1
1.740961638E2,-5.662225667E1
1.742051433E2,-5.743193261E1
1.743095360E2,-5.876028663E1
1.744150099E2,-5.777947426E1
1.745238922E2,-6.042147602E1
1.746314900E2,-6.219733242E1
1.747402149E2,-6.009897917E1
1.748481797E2,-6.257511538E1
1.749566821E2,-6.150738888E1
1.750649232E2,-6.346633940E1
1.751736112E2,-6.517138748E1
1.752817623E2,-6.293674848E1
1.753905015E2,-6.765332871E1
1.754981868E2,-6.406782809E1
1.756068205E2,-6.858792542E1
1.757148373E2,-6.693378979E1
1.758235575E2,-6.763881954E1
1.759315219E2,-6.833762685E1
1.760399872E2,-7.055748351E1
1.761480685E2,-6.902988375E1
1.762538144E2,-7.303252976E1
1.763625303E2,-6.917068795E1
1.764715216E2,-7.170908592E1
1.765802655E2,-7.087447054E1
1.766865634E2,-7.248216487E1
1.767951990E2,-7.449764439E1
1.769040544E2,-7.055503205E1
1.770125982E2,-7.443513535E1
1.771216133E2,-7.123365059E1
1.772303746E2,-7.568901306E1
1.773395101E2,-7.351014783E1
1.774479728E2,-7.241350584E1
1.775567080E2,-7.239405388E1
1.776647760E2,-7.470062149E1
1.777734670E2,-7.259598062E1
1.778815740E2,-7.443209563E1
1.779868535E2,-7.265007384E1
1.780956388E2,-7.432791435E1
1.782001414E2,-7.446002286E1
1.783088245E2,-7.407764288E1
1.784147148E2,-7.596849563E1
1.785233595E2,-7.266822228E1
1.786313640E2,-7.469352994E1
1.787402310E2,-7.311505848E1
1.788480139E2,-7.333276349E1
1.789566124E2,-7.304157215E1
1.790645974E2,-7.369965115E1
1.791734463E2,-7.275777660E1
1.792815066E2,-7.373668300E1
1.793901689E2,-7.165582042E1
1.794980039E2,-7.260196570E1
1.796067736E2,-7.298597373E1
1.797147412E2,-7.510685952E1
1.798234430E2,-7.428714974E1
1.799313764E2,-6.877624891E1
1.800401602E2,-6.657136931E1
1.801478737E2,-6.817001002E1
1.802563752E2,-6.982915028E1
1.803645859E2,-7.508449930E1
1.804720435E2,-7.179024102E1
1.805808769E2,-3.275761681E1
1.806896193E2,-3.981663021E1
1.807980245E2,-4.085028520E1
1.809068206E2,-4.165609551E1
1.810146937E2,-4.180444318E1
1.811235144E2,-4.235077667E1
1.812312986E2,-4.264016650E1
1.813356433E2,-4.333399593E1
1.814441090E2,-4.430241565E1
1.815528634E2,-4.569712072E1
1.816614262E2,-4.528436084E1
1.817702201E2,-4.685230251E1
1.818758154E2,-4.678238833E1
1.819811300E2,-4.736260028E1
1.820899837E2,-4.804774615E1
1.821978441E2,-4.797974330E1
1.823064306E2,-4.885387976E1
1.824145139E2,-4.912351076E1
1.825236468E2,-5.007115298E1
1.826312103E2,-5.172149695E1
1.827393279E2,-5.131536832E1
1.828477396E2,-5.305640092E1
1.829562638E2,-5.352659598E1
1.830645743E2,-5.365649462E1
1.831732682E2,-5.558156399E1
1.832811078E2,-5.475632781E1
1.833898842E2,-5.696193575E1
1.834977863E2,-5.632930779E1
1.836065827E2,-5.779603506E1
1.837144699E2,-5.751310248E1
1.838231070E2,-5.913691557E1
1.839311409E2,-5.912926142E1
1.840373966E2,-5.977967159E1
1.841441115E2,-6.178261835E1
1.842555561E2,-6.375754446E1
1.843642341E2,-6.176515763E1
1.844693364E2,-6.441119288E1
1.845779084E2,-6.405355015E1
1.846866172E2,-6.425217773E1
1.847952544E2,-6.561790743E1
1.849040411E2,-6.524325151E1
1.850091366E2,-6.804594280E1
1.851143668E2,-6.607465911E1
1.852231409E2,-6.900275810E1
1.853310988E2,-6.741606331E1
1.854398210E2,-6.993039488E1
1.855475393E2,-6.965321714E1
1.856561518E2,-7.212290881E1
1.857642087E2,-6.983218408E1
1.858700942E2,-7.408971862E1
1.859769017E2,-7.186905602E1
1.860809341E2,-7.375785545E1
1.861885628E2,-7.213951018E1
1.862973017E2,-7.255642382E1
1.864050560E2,-7.292249705E1
1.865094713E2,-7.295652708E1
1.866142593E2,-7.537811987E1
1.867229898E2,-7.209932221E1
1.868309337E2,-7.056075668E1
1.869365533E2,-6.183774411E1
1.870453133E2,-6.302994106E1
1.871541874E2,-7.279343514E1
1.872584789E2,-7.300777633E1
1.873640803E2,-6.281645901E1
1.874715062E2,-5.890289140E1
1.875803120E2,-6.364484050E1
1.876852835E2,-7.092774374E1
1.877939562E2,-7.147718254E1
1.879027587E2,-6.175395624E1
1.880114085E2,-5.513229479E1
1.881202469E2,-5.933137372E1
1.882289740E2,-7.023411197E1
1.883376232E2,-7.005923074E1
1.884423841E2,-5.632904447E1
1.885474448E2,-6.095686018E1
1.886560758E2,-7.069104099E1
1.887641043E2,-7.008387977E1
1.888719505E2,-5.838827259E1
1.889807286E2,-5.724066092E1
1.890894106E2,-6.538173302E1
1.891974491E2,-6.939432833E1
1.893028832E2,-7.159822825E1
1.894116703E2,-7.310512884E1
1.895207278E2,-7.009557870E1
1.896295991E2,-7.272656589E1
1.897381721E2,-7.449854449E1
1.898468305E2,-7.418385901E1
1.899551778E2,-7.250202089E1
1.900638545E2,-7.402292787E1
1.901725880E2,-7.452733810E1
1.902808548E2,-7.459179845E1
1.903851283E2,-7.084134035E1
1.904938016E2,-7.212377718E1
1.906025671E2,-7.486036271E1
1.907112353E2,-3.503145735E1
1.908176764E2,-3.746350596E1
1.909264220E2,-4.341384815E1
1.910307227E2,-4.444559306E1
1.911359188E2,-4.494186227E1
1.912446232E2,-4.529413486E1
1.913535892E2,-4.637865393E1
1.914610955E2,-4.732652963E1
1.915675964E2,-4.785624120E1
1.916763235E2,-4.865256639E1
1.917806936E2,-4.935761893E1
1.918877666E2,-5.010730984E1
1.919964799E2,-5.077379503E1
1.921050383E2,-5.149088617E1
1.922140059E2,-5.210178089E1
1.923212300E2,-5.231503168E1
1.924301058E2,-5.356494024E1
1.925388106E2,-5.339252648E1
1.926472662E2,-5.487425755E1
1.927557208E2,-5.551544500E1
1.928638021E2,-5.642556798E1
1.929726464E2,-5.703611794E1
1.930806109E2,-5.797305417E1
1.931894929E2,-5.837417912E1
1.932973815E2,-5.981869909E1
1.934024730E2,-5.947616543E1
1.935071173E2,-6.126312762E1
1.936138800E2,-6.114598760E1
1.937187621E2,-6.240049154E1
1.938273760E2,-6.297093260E1
1.939357387E2,-6.327704118E1
1.940424647E2,-6.470442404E1
1.941472522E2,-6.457312934E1
1.942556276E2,-6.581971549E1
1.943639016E2,-6.712838565E1
1.944725685E2,-6.693913703E1
1.945805868E2,-6.895950180E1
1.946873156E2,-6.867867192E1
1.947959446E2,-6.752231706E1
1.949049364E2,-6.927400789E1
1.950136704E2,-6.931853779E1
1.951221865E2,-7.181958999E1
1.952305830E2,-7.141487369E1
1.953392496E2,-7.292545889E1
1.954469877E2,-7.183113762E1
1.955555360E2,-7.381097381E1
1.956639141E2,-7.333166958E1
1.957702390E2,-7.355322730E1
1.958790172E2,-7.405789827E1
1.959852852E2,-7.470670434E1
1.960891065E2,-7.504542592E1
1.961971419E2,-7.533013589E1
1.963058898E2,-7.418106718E1
1.964138612E2,-7.419689162E1
1.965226140E2,-7.580253457E1
1.966304324E2,-7.445734101E1
1.967388961E2,-7.410313871E1
1.968469582E2,-7.513917043E1
1.969555979E2,-7.200294638E1
1.970637513E2,-7.289692062E1
1.971724313E2,-7.280820302E1
1.972803867E2,-7.462586610E1
1.973891228E2,-7.447337062E1
1.974970600E2,-7.473512904E1
1.976050072E2,-7.476476776E1
1.977137399E2,-7.553554974E1
1.978224335E2,-7.600903310E1
1.979303989E2,-7.498034991E1
1.980388512E2,-7.514403920E1
1.981467535E2,-7.480880875E1
1.982556172E2,-7.390974758E1
1.983636896E2,-7.155986006E1
1.984723027E2,-7.398898350E1
1.985803475E2,-7.214724575E1
1.986890730E2,-7.115018682E1
1.987968972E2,-7.182571585E1
1.989055619E2,-7.501878813E1
1.990136987E2,-7.424218238E1
1.991224852E2,-7.326768299E1
1.992303023E2,-7.316277362E1
1.993388771E2,-7.415019381E1
1.994468406E2,-7.268995083E1
1.995553168E2,-7.453450169E1
1.996636545E2,-7.098468388E1
1.997723759E2,-7.126306058E1
1.998802480E2,-7.337935751E1
1.999890724E2,-7.390908516E1
2.000968779E2,-7.240686850E1
2.002056259E2,-7.310887891E1
2.003135678E2,-7.413947527E1
2.004223152E2,-7.044171807E1
2.005302900E2,-7.453082297E1
2.006389030E2,-3.559652562E1
2.007466899E2,-4.030858742E1
2.008553649E2,-4.119772084E1
2.009636004E2,-4.182594554E1
2.010722764E2,-4.174788789E1
2.011801741E2,-4.280099242E1
2.012887269E2,-4.260247599E1
2.013967497E2,-4.377340559E1
2.015055537E2,-4.431993859E1
2.016134791E2,-4.460961730E1
2.017223378E2,-4.600107421E1
2.018301384E2,-4.562131053E1
2.019354860E2,-4.692182397E1
2.020423168E2,-4.695410227E1
2.021468401E2,-4.761935786E1
2.022554744E2,-4.847181978E1
2.023634861E2,-4.874290483E1
2.024720912E2,-4.936889045E1
2.025801428E2,-5.036826577E1
2.026849402E2,-5.017767251E1
2.027936106E2,-5.218390225E1
2.029024269E2,-5.159703679E1
2.030109819E2,-5.339006346E1
2.031194705E2,-5.375512268E1
2.032282290E2,-5.401361882E1
2.033369854E2,-5.548950645E1
2.034456075E2,-5.709937719E1
2.035492586E2,-5.660391139E1
2.036579452E2,-5.821451723E1
2.037632195E2,-5.770464387E1
2.038719842E2,-5.946975997E1
2.039800891E2,-5.956718239E1
2.040889639E2,-6.026242263E1
2.041967757E2,-6.213949993E1
2.043054640E2,-5.974594883E1
2.044133261E2,-6.362818220E1
2.045221937E2,-6.219888174E1
2.046300935E2,-6.460975028E1
2.047385956E2,-6.368386714E1
2.048465459E2,-6.480153653E1
2.049551982E2,-6.560373543E1
2.050632931E2,-6.858616576E1
2.051718920E2,-6.692738159E1
2.052800763E2,-6.783526046E1
2.053887000E2,-6.541903128E1
2.054966069E2,-6.911134912E1
2.056054018E2,-6.978402685E1
2.057134041E2,-7.036720985E1
2.058221059E2,-7.347819552E1
2.059299321E2,-6.997214614E1
2.060384662E2,-6.978984405E1
2.061466398E2,-7.383124065E1
2.062551389E2,-7.270327547E1
2.063632000E2,-7.271100057E1
2.064719680E2,-7.403093234E1
2.065799362E2,-7.257397593E1
2.066865527E2,-7.406260534E1
2.067953144E2,-7.317014073E1
2.069041066E2,-7.212439810E1
2.070130154E2,-7.335162980E1
2.071218073E2,-7.408214922E1
2.072299884E2,-7.507944138E1
2.073386768E2,-7.527731933E1
2.074463974E2,-7.289251945E1
2.075549138E2,-7.283872735E1
2.076631369E2,-7.219281941E1
2.077719404E2,-7.182343733E1
2.078759270E2,-7.291097592E1
2.079798839E2,-7.465861054E1
2.080886868E2,-7.397176814E1
2.081964586E2,-7.287272089E1
2.083050868E2,-7.420770197E1
2.084131755E2,-7.350154872E1
2.085204133E2,-7.315387188E1
2.086292803E2,-7.505452829E1
2.087378634E2,-7.613622211E1
2.088464832E2,-7.473493620E1
2.089553802E2,-7.716267382E1
2.090630550E2,-7.695009837E1
2.091718012E2,-7.693471380E1
2.092797632E2,-7.394018567E1
2.093884573E2,-7.552884923E1
2.094964629E2,-7.392382656E1
2.096051143E2,-7.333604197E1
2.097130343E2,-7.487479242E1
2.098217151E2,-7.556023830E1
2.099298178E2,-7.816936441E1
2.100386488E2,-7.529577544E1
2.101464140E2,-7.689772978E1
2.102513133E2,-7.896696562E1
2.103598341E2,-6.715870080E1
2.104686047E2,-7.676052388E1
2.105773912E2,-7.515694759E1
2.106829614E2,-2.968618676E1
2.107917063E2,-3.262558236E1
2.108964044E2,-3.332776670E1
2.110036979E2,-3.450846775E1
2.111125966E2,-3.547977516E1
2.112212553E2,-3.563955469E1
2.113297049E2,-3.691487902E1
2.114383077E2,-3.769876115E1
2.115461970E2,-3.834609713E1
2.116547176E2,-3.903145207E1
2.117630330E2,-4.038904375E1
2.118716388E2,-4.126392009E1
2.119796573E2,-4.253463304E1
2.120885386E2,-4.289331653E1
2.121963912E2,-4.434916303E1
2.123034372E2,-4.378733588E1
2.124122910E2,-4.574822658E1
2.125175206E2,-4.555051590E1
2.126233903E2,-4.602729362E1
2.127295427E2,-4.758630118E1
2.128382367E2,-4.883369724E1
2.129461236E2,-4.813087016E1
2.130549087E2,-4.972447542E1
2.131627865E2,-4.952684426E1
2.132713596E2,-5.085235745E1
2.133795183E2,-5.065367822E1
2.134882432E2,-5.199920173E1
2.135962402E2,-5.314490179E1
2.137049786E2,-5.203381087E1
2.138127743E2,-5.554958892E1
2.139198790E2,-5.281446127E1
2.140285789E2,-5.649123432E1
2.141373427E2,-5.533160067E1
2.142461169E2,-5.682415466E1
2.143547695E2,-5.673169899E1
2.144627422E2,-5.869343063E1
2.145714620E2,-5.805447028E1
2.146794610E2,-6.092915641E1
2.147881249E2,-5.803479373E1
2.148960907E2,-6.226027298E1
2.150030021E2,-5.996477380E1
2.151117759E2,-6.250734942E1
2.152186340E2,-6.367683620E1
2.153272587E2,-6.132103860E1
2.154361843E2,-6.501681545E1
2.155448945E2,-6.276038461E1
2.156525162E2,-6.501989103E1
2.157592091E2,-6.658175630E1
2.158680613E2,-6.535582608E1
2.159766610E2,-6.758986036E1
2.160856156E2,-6.861443230E1
2.161941458E2,-6.789749298E1
2.163029568E2,-7.107254416E1
2.164115711E2,-6.701922308E1
2.165202130E2,-7.187420920E1
2.166288599E2,-6.946472725E1
2.167376603E2,-7.237606538E1
2.168460022E2,-7.070884436E1
2.169548868E2,-7.173554561E1
2.170626357E2,-7.201894564E1
2.171712900E2,-7.606577066E1
2.172793305E2,-7.174890179E1
2.173881994E2,-7.393319353E1
2.174959354E2,-7.141618230E1
2.176045745E2,-7.491499256E1
2.177126247E2,-7.512332157E1
2.178209666E2,-7.291238027E1
2.179293477E2,-7.545699171E1
2.180382435E2,-7.219455876E1
2.181459435E2,-7.687982002E1
2.182548082E2,-7.569578488E1
2.183626369E2,-7.426616279E1
2.184679402E2,-7.276107867E1
2.185757156E2,-7.524591306E1
2.186845161E2,-7.439324111E1
2.187933264E2,-7.812315530E1
2.189022828E2,-7.273579866E1
2.190110336E2,-7.533437894E1
2.191200422E2,-7.439723460E1
2.192289159E2,-7.493220218E1
2.193362780E2,-7.507185550E1
2.194447654E2,-7.460253019E1
2.195492037E2,-7.470955384E1
2.196576982E2,-7.562304742E1
2.197623845E2,-7.524611197E1
2.198711186E2,-7.628439537E1
2.199791759E2,-7.677459160E1
2.200879856E2,-7.730156936E1
2.201961060E2,-7.502012974E1
2.203028011E2,-7.673950470E1
2.204116219E2,-7.437827721E1
2.205205737E2,-7.625228874E1
2.206292365E2,-7.732024324E1
2.207378512E2,-3.392454356E1
2.208457362E2,-3.818477565E1
2.209528698E2,-3.877113697E1
2.210614424E2,-3.961080258E1
2.211704175E2,-3.949981816E1
2.212792268E2,-4.052745799E1
2.213864724E2,-4.044950119E1
2.214952256E2,-4.155025059E1
2.216041437E2,-4.232497785E1
2.217124827E2,-4.267351963E1
2.218177489E2,-4.445116219E1
2.219265469E2,-4.396274394E1
2.220351851E2,-4.570685711E1
2.221436112E2,-4.637049307E1
2.222522859E2,-4.687287858E1
2.223608905E2,-4.713905343E1
2.224672528E2,-4.787375893E1
2.225758077E2,-4.824175636E1
2.226847346E2,-4.961545200E1
2.227933205E2,-4.905122224E1
2.229022496E2,-5.135042604E1
2.230108113E2,-5.056180184E1
2.231199601E2,-5.252561986E1
2.232287342E2,-5.306090688E1
2.233372546E2,-5.514685938E1
2.234455606E2,-5.394704656E1
2.235541818E2,-5.664651557E1
2.236623320E2,-5.569113731E1
2.237711224E2,-5.752715819E1
2.238789345E2,-5.678018688E1
2.239876248E2,-5.859152686E1
2.240957090E2,-5.900582591E1
2.242042582E2,-5.905289179E1
2.243122773E2,-6.198300384E1
2.244209117E2,-5.900109383E1
2.245290749E2,-6.383665728E1
2.246376595E2,-6.336999490E1
2.247455161E2,-6.404480115E1
2.248506248E2,-6.265987320E1
2.249592905E2,-6.570266774E1
2.250675936E2,-6.409132465E1
2.251761323E2,-6.793999885E1
2.252805981E2,-6.560123592E1
2.253892698E2,-6.851512042E1
2.254955610E2,-6.668572976E1
2.256040244E2,-6.861576075E1
2.257121984E2,-7.016489396E1
2.258193275E2,-6.862051426E1
2.259280812E2,-7.192984019E1
2.260367955E2,-6.812287187E1
2.261455264E2,-7.292225285E1
2.262541453E2,-7.168438575E1
2.263623438E2,-7.235431097E1
2.264713480E2,-7.152885998E1
2.265788001E2,-7.467959099E1
2.266875138E2,-7.239552084E1
2.267954994E2,-7.542896263E1
2.269042779E2,-7.313702113E1
2.270121845E2,-7.086017604E1
2.271209860E2,-7.239185999E1
2.272289395E2,-7.098340800E1
2.273376152E2,-7.430271210E1
2.274453652E2,-7.457097722E1
2.275539377E2,-7.159439781E1
2.276619488E2,-7.548101641E1
2.277706071E2,-7.438184440E1
2.278788638E2,-7.485319641E1
2.279858722E2,-7.663455837E1
2.280946075E2,-7.337358270E1
2.282033377E2,-7.539372143E1
2.283121239E2,-7.446004375E1
2.284209110E2,-7.480501908E1
2.285287702E2,-7.528717539E1
2.286375450E2,-7.446965806E1
2.287452940E2,-7.222669914E1
2.288537548E2,-7.246347168E1
2.289618939E2,-7.202069847E1
2.290707839E2,-7.387435868E1
2.291787097E2,-7.516107610E1
2.292866278E2,-7.661824886E1
2.293953816E2,-6.725014886E1
2.295041300E2,-6.948138061E1
2.296120315E2,-7.386925522E1
2.297159438E2,-7.320002984E1
2.298245740E2,-7.375233367E1
2.299287185E2,-6.865014106E1
2.300373956E2,-7.409198837E1
2.301452644E2,-7.624893426E1
2.302539273E2,-7.482846582E1
2.303619355E2,-7.681371722E1
2.304706620E2,-6.692997661E1
2.305786842E2,-7.415801685E1
2.306874011E2,-3.960797887E1
2.307952764E2,-3.577813607E1
2.308992551E2,-4.584459304E1
2.310078646E2,-4.792444566E1
2.311119900E2,-4.933130204E1
2.312206520E2,-4.996554046E1
2.313285909E2,-5.147549688E1
2.314327272E2,-5.145574686E1
2.315408200E2,-5.310462783E1
2.316453152E2,-5.407470724E1
2.317538003E2,-5.463357314E1
2.318618035E2,-5.492659331E1
2.319704977E2,-5.595221089E1
2.320784859E2,-5.596092731E1
2.321856573E2,-5.726801498E1
2.322944216E2,-5.686954670E1
2.323989256E2,-5.851916820E1
2.325056714E2,-5.821147198E1
2.326118015E2,-5.986667105E1
2.327205805E2,-6.016188425E1
2.328285689E2,-6.085903819E1
2.329370676E2,-6.189261930E1
2.330450420E2,-6.433578867E1
2.331504815E2,-6.351436564E1
2.332591039E2,-6.595985956E1
2.333680821E2,-6.491914175E1
2.334767277E2,-6.726582847E1
2.335856437E2,-6.664351572E1
2.336925870E2,-6.793429735E1
2.338004781E2,-6.938261684E1
2.339092442E2,-6.823251307E1
2.340172055E2,-6.980379101E1
2.341257842E2,-6.892158861E1
2.342346593E2,-7.028632743E1
2.343431079E2,-7.169053687E1
2.344503804E2,-7.258569717E1
2.345588519E2,-7.393074936E1
2.346677353E2,-7.437437349E1
2.347762660E2,-7.375743950E1
2.348851941E2,-7.582490751E1
2.349939358E2,-7.638741320E1
2.351028638E2,-7.635007157E1
2.352116016E2,-7.734349015E1
2.353205559E2,-7.616368059E1
2.354284577E2,-7.760915370E1
2.355373552E2,-7.511795593E1
2.356448860E2,-7.534041178E1
2.357534979E2,-7.538915150E1
2.358616873E2,-7.441802948E1
2.359703935E2,-7.639333845E1
2.360781742E2,-7.607619338E1
2.361836687E2,-7.531278227E1
2.362923439E2,-7.596598400E1
2.364012880E2,-7.722551803E1
2.365101412E2,-7.616740758E1
2.366188780E2,-7.647764430E1
2.367276953E2,-7.677983442E1
2.368362597E2,-7.296853498E1
2.369448518E2,-7.708761768E1
2.370535575E2,-7.602808212E1
2.371615525E2,-7.507080179E1
2.372704602E2,-7.691433451E1
2.373782354E2,-7.823034880E1
2.374868891E2,-7.576386438E1
2.375948770E2,-7.088686737E1
2.377035649E2,-7.199843062E1
2.378115940E2,-7.856965335E1
2.379204266E2,-7.570321932E1
2.380281823E2,-7.927556261E1
2.381371287E2,-7.735727402E1
2.382448743E2,-7.593008228E1
2.383507608E2,-7.782440966E1
2.384574885E2,-7.675787848E1
2.385631316E2,-7.698459192E1
2.386720066E2,-7.770960320E1
2.387784135E2,-7.636608290E1
2.388841543E2,-7.623621098E1
2.389907200E2,-7.665959734E1
2.390948417E2,-7.405735943E1
2.392034364E2,-7.229115579E1
2.393116512E2,-7.262400193E1
2.394203086E2,-7.663232795E1
2.395282365E2,-7.570334079E1
2.396364517E2,-7.332911250E1
2.397447088E2,-7.408323662E1
2.398531614E2,-7.839577174E1
2.399615699E2,-7.971624355E1
2.400675930E2,-7.913816465E1
2.401763267E2,-7.788084246E1
2.402850310E2,-6.982051133E1
2.403936002E2,-6.619069987E1
2.405025130E2,-6.866792231E1
2.406111129E2,-7.382571016E1
2.407199600E2,-7.610063253E1
2.408281301E2,-3.230448431E1
2.409354942E2,-4.299588916E1
2.410440247E2,-4.416941109E1
2.411525871E2,-4.479466659E1
2.412613211E2,-4.474553113E1
2.413700285E2,-4.563979360E1
2.414781230E2,-4.572449683E1
2.415867692E2,-4.657269022E1
2.416946478E2,-4.675961687E1
2.418035241E2,-4.750766986E1
2.419113317E2,-4.730357989E1
2.420169785E2,-4.843158732E1
2.421247138E2,-4.847077218E1
2.422341749E2,-4.874272545E1
2.423422985E2,-4.923371308E1
2.424511125E2,-5.061354928E1
2.425552303E2,-5.039036078E1
2.426613612E2,-5.131108768E1
2.427700339E2,-5.161268361E1
2.428779269E2,-5.228640478E1
2.429816517E2,-5.257187229E1
2.430894022E2,-5.333538034E1
2.431946088E2,-5.403148749E1
2.433033077E2,-5.389880750E1
2.434112812E2,-5.582955187E1
2.435201153E2,-5.486334659E1
2.436279613E2,-5.685360339E1
2.437331569E2,-5.664230093E1
2.438417602E2,-5.811057166E1
2.439504983E2,-5.831137119E1
2.440588939E2,-5.937438318E1
2.441677709E2,-5.945954819E1
2.442764598E2,-6.099163856E1
2.443854376E2,-5.966058432E1
2.444943583E2,-6.235614983E1
2.446014062E2,-6.126791450E1
2.447066934E2,-6.300444957E1
2.448112212E2,-6.360573932E1
2.449199922E2,-6.316271450E1
2.450279380E2,-6.498435713E1
2.451347472E2,-6.421682037E1
2.452419120E2,-6.669638982E1
2.453505583E2,-6.706496377E1
2.454590393E2,-6.663176904E1
2.455679031E2,-6.854939520E1
2.456765535E2,-6.882393635E1
2.457854488E2,-6.907890150E1
2.458940847E2,-7.072126416E1
2.460026953E2,-6.927730787E1
2.461111848E2,-7.245038457E1
2.462198891E2,-7.026735456E1
2.463277886E2,-7.250517593E1
2.464360934E2,-7.229764935E1
2.465444431E2,-7.270308152E1
2.466531284E2,-7.396108296E1
2.467611273E2,-7.340065216E1
2.468697712E2,-7.237892137E1
2.469777527E2,-7.657870940E1
2.470829393E2,-7.443092182E1
2.471916032E2,-7.727009812E1
2.472987048E2,-7.400070927E1
2.474073667E2,-7.574101285E1
2.475162499E2,-7.629147978E1
2.476250608E2,-7.593634898E1
2.477308074E2,-7.650647945E1
2.478395467E2,-7.567261875E1
2.479443193E2,-7.810535122E1
2.480528515E2,-7.676271243E1
2.481608527E2,-7.633726044E1
2.482697045E2,-7.576276869E1
2.483777283E2,-7.866109342E1
2.484843690E2,-7.535458242E1
2.485906413E2,-7.778506160E1
2.487014871E2,-7.416857556E1
2.488102011E2,-7.584250951E1
2.489189177E2,-7.575079956E1
2.490277660E2,-7.701460619E1
2.491365677E2,-7.654081825E1
2.492441752E2,-7.610385339E1
2.493528879E2,-7.722517236E1
2.494608315E2,-7.557314048E1
2.495694334E2,-7.672972135E1
2.496775955E2,-7.411177449E1
2.497851972E2,-7.669940193E1
2.498939225E2,-7.462638747E1
2.500010532E2,-7.280695262E1
2.501087745E2,-6.962786335E1
2.502179028E2,-7.309966199E1
2.503265703E2,-7.486666753E1
2.504348749E2,-7.664189194E1
2.505384524E2,-3.433407582E1
2.506441327E2,-3.367724474E1
2.507526262E2,-3.802360818E1
2.508608582E2,-3.908354529E1
2.509696332E2,-3.988181387E1
2.510773445E2,-3.976891362E1
2.511850595E2,-4.081125131E1
2.512938090E2,-4.053709333E1
2.514024673E2,-4.156206635E1
2.515108562E2,-4.211806041E1
2.516198331E2,-4.229950894E1
2.517276325E2,-4.402275188E1
2.518365097E2,-4.516038831E1
2.519441390E2,-4.514301261E1
2.520527245E2,-4.572033835E1
2.521608681E2,-4.622220154E1
2.522684687E2,-4.653645379E1
2.523771872E2,-4.704731882E1
2.524858693E2,-4.743982608E1
2.525941322E2,-4.841863974E1
2.527027432E2,-4.810816859E1
2.528108476E2,-5.015708128E1
2.529196460E2,-4.954591365E1
2.530276064E2,-5.136095169E1
2.531340633E2,-5.185384086E1
2.532424638E2,-5.361968734E1
2.533509823E2,-5.301837272E1
2.534595805E2,-5.496143222E1
2.535682373E2,-5.445717553E1
2.536770917E2,-5.631938781E1
2.537819641E2,-5.533336973E1
2.538906033E2,-5.732155388E1
2.539968350E2,-5.733995155E1
2.541047983E2,-5.777129631E1
2.542106884E2,-6.013101697E1
2.543193770E2,-5.792330087E1
2.544274307E2,-6.177643330E1
2.545342525E2,-5.976840780E1
2.546379277E2,-6.187499150E1
2.547439267E2,-6.247714481E1
2.548525558E2,-6.325599957E1
2.549605785E2,-6.356710474E1
2.550692716E2,-6.582219563E1
2.551772983E2,-6.389856019E1
2.552860251E2,-6.794127740E1
2.553940066E2,-6.448157156E1
2.555027836E2,-6.913952334E1
2.556106536E2,-6.774379555E1
2.557194375E2,-6.840529225E1
2.558273756E2,-6.997059383E1
2.559359153E2,-7.193908880E1
2.560438471E2,-6.978397546E1
2.561524755E2,-7.224157768E1
2.562605670E2,-7.084599877E1
2.563692847E2,-7.325959726E1
2.564773239E2,-7.140557465E1
2.565837953E2,-7.331602565E1
2.566924045E2,-7.323856304E1
2.568012955E2,-7.224717226E1
2.569101318E2,-7.399291433E1
2.570171535E2,-7.197915344E1
2.571218725E2,-7.412686587E1
2.572271332E2,-7.456206273E1
2.573358205E2,-7.478520776E1
2.574439182E2,-7.506554446E1
2.575502977E2,-7.444807643E1
2.576570055E2,-7.376073624E1
2.577659233E2,-7.544541723E1
2.578705127E2,-7.421949274E1
2.579772782E2,-7.608679038E1
2.580859558E2,-7.589147636E1
2.581938107E2,-7.494694407E1
2.583025713E2,-7.576806125E1
2.584104600E2,-7.376652742E1
2.585192894E2,-7.732605164E1
2.586272060E2,-7.468233293E1
2.587362173E2,-7.706889910E1
2.588437000E2,-7.505942756E1
2.589489966E2,-7.681605384E1
2.590528302E2,-7.535091101E1
2.591604595E2,-7.632528577E1
2.592670223E2,-7.504279364E1
2.593757375E2,-7.634847721E1
2.594844812E2,-7.593612682E1
2.595932149E2,-7.346533899E1
2.597018326E2,-7.573741935E1
2.598103895E2,-7.782795922E1
2.599192198E2,-7.474708740E1
2.600271330E2,-7.610938232E1
2.601357643E2,-7.721545262E1
2.602435929E2,-7.579549769E1
2.603523047E2,-7.700896955E1
2.604603565E2,-7.825487751E1
2.605689780E2,-7.504992790E1
2.606770012E2,-4.923588765E1
2.607856273E2,-3.193847390E1
2.608937353E2,-3.915968433E1
2.610024061E2,-3.980590498E1
2.611103744E2,-4.060237165E1
2.612190278E2,-4.106069667E1
2.613270129E2,-4.175773827E1
2.614354659E2,-4.285182930E1
2.615435696E2,-4.348029098E1
2.616478023E2,-4.410690586E1
2.617565005E2,-4.522754494E1
2.618603326E2,-4.543667561E1
2.619689498E2,-4.662859278E1
2.620769653E2,-4.710736077E1
2.621857242E2,-4.787047112E1
2.622936510E2,-4.852275529E1
2.623974363E2,-4.907748642E1
2.625060421E2,-4.946280873E1
2.626102870E2,-5.013747483E1
2.627190763E2,-5.084062349E1
2.628269897E2,-5.085825663E1
2.629357803E2,-5.240269760E1
2.630434904E2,-5.372544068E1
2.631520757E2,-5.412572931E1
2.632600974E2,-5.468316733E1
2.633686792E2,-5.569721053E1
2.634768732E2,-5.600211315E1
2.635845121E2,-5.721349243E1
2.636932000E2,-5.735882241E1
2.638020150E2,-5.908848342E1
2.639102340E2,-5.805253328E1
2.640148649E2,-6.056277701E1
2.641235543E2,-5.974368872E1
2.642288097E2,-6.100889182E1
2.643373031E2,-6.131808691E1
2.644434108E2,-6.368728790E1
2.645519817E2,-6.290512721E1
2.646601399E2,-6.488687037E1
2.647688544E2,-6.422146769E1
2.648768234E2,-6.606113518E1
2.649856045E2,-6.488621710E1
2.650934662E2,-6.728190766E1
2.652023414E2,-6.745629643E1
2.653101230E2,-6.747844708E1
2.654189721E2,-7.013801810E1
2.655267915E2,-6.798327271E1
2.656321970E2,-7.069686279E1
2.657409978E2,-7.058177361E1
2.658499183E2,-7.160082870E1
2.659585454E2,-7.204292251E1
2.660672812E2,-7.278586324E1
2.661757233E2,-7.234702697E1
2.662845754E2,-7.528943931E1
2.663934429E2,-7.274161349E1
2.665022684E2,-7.628273322E1
2.666100045E2,-7.357029531E1
2.667189176E2,-7.652828647E1
2.668267343E2,-7.557824565E1
2.669355925E2,-7.620158349E1
2.670434005E2,-7.568418844E1
2.671512571E2,-7.617211286E1
2.672599248E2,-7.581035776E1
2.673666841E2,-7.489393795E1
2.674720102E2,-7.476673182E1
2.675766027E2,-7.538330481E1
2.676853505E2,-7.658837278E1
2.677933012E2,-7.659082611E1
2.679021262E2,-7.644809863E1
2.680099655E2,-7.575626686E1
2.681186708E2,-7.667640131E1
2.682267228E2,-7.550771444E1
2.683354767E2,-7.634400544E1
2.684432027E2,-7.360654152E1
2.685517593E2,-7.619636465E1
2.686599228E2,-7.623683464E1
2.687687151E2,-7.725032455E1
2.688765448E2,-7.263520829E1
2.689852335E2,-7.491679151E1
2.690932536E2,-7.514173228E1
2.691982448E2,-7.581954322E1
2.693056720E2,-7.741287732E1
2.694098918E2,-7.546345864E1
2.695187996E2,-7.623498986E1
2.696265773E2,-7.514413096E1
2.697316371E2,-7.798776874E1
2.698382272E2,-7.846089036E1
2.699432258E2,-7.913676955E1
2.700498923E2,-7.732325689E1
2.701588825E2,-7.264201015E1
2.702676315E2,-7.595255737E1
2.703763259E2,-7.450598105E1
2.704850922E2,-7.659158551E1
2.705931500E2,-4.745424346E1
2.707019661E2,-3.009160995E1
2.708098605E2,-3.748243568E1
2.709185159E2,-3.838120095E1
2.710264797E2,-3.939676424E1
2.711350864E2,-3.955038465E1
2.712431937E2,-4.044884706E1
2.713517132E2,-4.152348072E1
2.714596882E2,-4.217113032E1
2.715674169E2,-4.255062286E1
2.716760909E2,-4.409872128E1
2.717847857E2,-4.376674921E1
2.718931989E2,-4.545670074E1
2.720002938E2,-4.548297615E1
2.721090026E2,-4.610001829E1
2.722165465E2,-4.666852975E1
2.723246881E2,-4.684477142E1
2.724336073E2,-4.754176191E1
2.725424475E2,-4.787372905E1
2.726509674E2,-4.858667586E1
2.727596454E2,-5.050539523E1
2.728682374E2,-4.989189684E1
2.729764584E2,-5.166223084E1
2.730849667E2,-5.222391104E1
2.731928300E2,-5.222208738E1
2.733014193E2,-5.412034975E1
2.734096904E2,-5.338276652E1
2.735136700E2,-5.552575664E1
2.736222547E2,-5.498601334E1
2.737262858E2,-5.682737533E1
2.738346559E2,-5.795411642E1
2.739428977E2,-5.790838615E1
2.740515920E2,-5.842808796E1
2.741595509E2,-6.065533896E1
2.742682735E2,-5.850713954E1
2.743762941E2,-6.245951676E1
2.744848580E2,-6.040562805E1
2.745929500E2,-6.291468442E1
2.747018565E2,-6.280740577E1
2.748095820E2,-6.267300017E1
2.749155097E2,-6.401950641E1
2.750240865E2,-6.434836298E1
2.751288409E2,-6.692893879E1
2.752374480E2,-6.853910466E1
2.753427460E2,NaN
2.754487488E2,-6.937219411E1
2.755572696E2,-6.839102202E1
2.756662154E2,-6.804277224E1
2.757749057E2,-7.029880836E1
2.758795118E2,-6.869972332E1
2.759881641E2,-7.304093294E1
2.760930194E2,-7.057167922E1
2.762016180E2,-7.349593348E1
2.763095275E2,-7.089667298E1
2.764184963E2,-7.292728313E1
2.765262290E2,-7.206020026E1
2.766350584E2,-7.325269062E1
2.767427860E2,-7.240257728E1
2.768513624E2,-7.603864984E1
2.769595369E2,-7.241599306E1
2.770681996E2,-7.680707922E1
2.771762364E2,-7.366774872E1
2.772849697E2,-7.384375964E1
2.773929143E2,-7.286998335E1
2.775017428E2,-7.366693476E1
2.776095185E2,-7.429170916E1
2.777144553E2,-7.390954823E1
2.778230915E2,-7.664581423E1
2.779320321E2,-7.494301391E1
2.780404698E2,-7.468428195E1
2.781492682E2,-7.634940384E1
2.782577337E2,-7.569634877E1
2.783665997E2,-7.451324502E1
2.784752313E2,-7.700486150E1
2.785837954E2,-7.305839128E1
2.786927578E2,-7.656084348E1
2.788014481E2,-7.561529525E1
2.789094021E2,-7.616829506E1
2.790171448E2,-7.564371401E1
2.791257392E2,-7.633809198E1
2.792344139E2,-7.705178611E1
2.793426163E2,-7.580788659E1
2.794482166E2,-7.786651382E1
2.795566732E2,-7.447313001E1
2.796656009E2,-7.490488995E1
2.797742157E2,-7.298650556E1
2.798830997E2,-7.069106894E1
2.799916312E2,-7.519733299E1
2.801006268E2,-7.568422155E1
2.802059045E2,-7.815770672E1
2.803148750E2,-7.742869416E1
2.804193931E2,-7.431624802E1
2.805261785E2,-7.418762458E1
2.806346934E2,-3.222379450E1
2.807425844E2,-3.363444884E1
2.808492068E2,-3.484526544E1
2.809577901E2,-3.596511369E1
2.810663493E2,-3.693440669E1
2.811707845E2,-3.689350983E1
2.812759195E2,-3.816598936E1
2.813845879E2,-3.794983812E1
2.814926199E2,-3.901341681E1
2.816012870E2,-3.979754133E1
2.817092070E2,-3.994954554E1
2.818175339E2,-4.187577115E1
2.819260625E2,-4.153811798E1
2.820326529E2,-4.327631506E1
2.821413689E2,-4.348905550E1
2.822500817E2,-4.458519788E1
2.823587263E2,-4.530696656E1
2.824657142E2,-4.570625005E1
2.825739904E2,-4.613085417E1
2.826827881E2,-4.743549284E1
2.827914143E2,-4.655890075E1
2.829004324E2,-4.904127356E1
2.830091580E2,-4.799327520E1
2.831178937E2,-4.989556649E1
2.832258815E2,-5.016704656E1
2.833346072E2,-5.056157054E1
2.834423515E2,-5.189365358E1
2.835489800E2,-5.323371384E1
2.836526540E2,-5.257992195E1
2.837591355E2,-5.531335172E1
2.838678930E2,-5.311460892E1
2.839757899E2,-5.647011642E1
2.840842368E2,-5.542043351E1
2.841924414E2,-5.646551053E1
2.843011112E2,-5.759936492E1
2.844092056E2,-5.653950253E1
2.845178699E2,-5.926253268E1
2.846258322E2,-5.825559906E1
2.847343308E2,-5.881518344E1
2.848422989E2,-6.175323129E1
2.849508615E2,-6.007987161E1
2.850590298E2,-6.277650624E1
2.851677293E2,-6.364631192E1
2.852757786E2,-6.195031054E1
2.853844597E2,-6.577364729E1
2.854923582E2,-6.262394832E1
2.856010474E2,-6.530290892E1
2.857090231E2,-6.405625582E1
2.858176851E2,-6.547584762E1
2.859257410E2,-6.565991598E1
2.860342145E2,-6.762880392E1
2.861422879E2,-6.822244708E1
2.862488793E2,-7.159215122E1
2.863573735E2,-6.732044247E1
2.864663357E2,-7.175435545E1
2.865750367E2,-6.916720393E1
2.866838841E2,-7.300681888E1
2.867922999E2,-7.030779425E1
2.869010374E2,-6.975575024E1
2.870089804E2,-7.044336985E1
2.871141843E2,-7.100001370E1
2.872228169E2,-7.327737689E1
2.873311563E2,-7.204588050E1
2.874378552E2,-7.506387389E1
2.875423229E2,-7.099895904E1
2.876510887E2,-7.231608255E1
2.877588514E2,-7.287940038E1
2.878643292E2,-7.278135028E1
2.879732690E2,-7.029531965E1
2.880821385E2,-7.471459071E1
2.881907793E2,-7.202684550E1
2.882997687E2,-7.612042517E1
2.884084631E2,-7.402892834E1
2.885162312E2,-7.426133249E1
2.886249178E2,-7.350510966E1
2.887335466E2,-7.433999535E1
2.888421427E2,-7.526320327E1
2.889489980E2,-7.466389857E1
2.890576527E2,-7.259238625E1
2.891662841E2,-7.400042895E1
2.892700742E2,-7.451829830E1
2.893753885E2,-7.402128287E1
2.894841424E2,-7.525840293E1
2.895920200E2,-7.522223526E1
2.896990612E2,-7.739322218E1
2.898079193E2,-7.549614609E1
2.899166755E2,-7.586875104E1
2.900254867E2,-7.562753117E1
2.901342360E2,-7.556170724E1
2.902419565E2,-7.551302541E1
2.903506406E2,-7.744163580E1
2.904585969E2,-7.793914486E1
2.905673361E2,-3.199130145E1
2.906753811E2,-4.000856646E1
2.907841349E2,-4.630302866E1
2.908919350E2,-4.733356454E1
2.910008766E2,-4.806414383E1
2.911087635E2,-4.856867015E1
2.912175531E2,-4.948185746E1
2.913254170E2,-4.986586506E1
2.914339679E2,-5.110321597E1
2.915418460E2,-5.162806086E1
2.916503691E2,-5.192512823E1
2.917586024E2,-5.277095653E1
2.918672443E2,-5.288176175E1
2.919753201E2,-5.349751368E1
2.920841205E2,-5.397334419E1
2.921920359E2,-5.405513583E1
2.923009097E2,-5.496895907E1
2.924085850E2,-5.515042290E1
2.925151427E2,-5.578144364E1
2.926239272E2,-5.619641394E1
2.927318763E2,-5.737515529E1
2.928403573E2,-5.860987169E1
2.929489017E2,-5.891478449E1
2.930574257E2,-5.956877427E1
2.931661211E2,-6.084695814E1
2.932748372E2,-6.066371512E1
2.933835411E2,-6.218294744E1
2.934918037E2,-6.231866937E1
2.936005341E2,-6.336642803E1
2.937085556E2,-6.375368834E1
2.938172706E2,-6.431525901E1
2.939252582E2,-6.465604519E1
2.940339289E2,-6.661177177E1
2.941417356E2,-6.646615162E1
2.942503044E2,-6.856208082E1
2.943585803E2,-6.732698331E1
2.944670325E2,-6.888729329E1
2.945742035E2,-6.729920614E1
2.946830950E2,-6.810063883E1
2.947917374E2,-7.082431004E1
2.948986740E2,-7.154290391E1
2.950073993E2,-7.198435930E1
2.951161970E2,-7.227432097E1
2.952251949E2,-7.325819969E1
2.953336926E2,-7.264290091E1
2.954416554E2,-7.486294150E1
2.955503015E2,-7.423295872E1
2.956583874E2,-7.521758216E1
2.957670850E2,-7.524814017E1
2.958751020E2,-7.528186577E1
2.959837845E2,-7.382484819E1
2.960917896E2,-7.742126696E1
2.962004326E2,-7.730568241E1
2.963083472E2,-7.717417241E1
2.964169321E2,-7.789653162E1
2.965251802E2,-7.601965238E1
2.966338643E2,-7.806931982E1
2.967416731E2,-7.606906805E1
2.968502317E2,-7.574539898E1
2.969583492E2,-7.532263465E1
2.970670268E2,-7.534053102E1
2.971751622E2,-6.932471639E1
2.972838494E2,-6.949736837E1
2.973916788E2,-7.271210398E1
2.975001687E2,-7.437394258E1
2.976082891E2,-7.095721102E1
2.977169485E2,-7.429871004E1
2.978249819E2,-7.565381983E1
2.979338416E2,-7.585884777E1
2.980415061E2,-7.429814351E1
2.981482464E2,-7.507808482E1
2.982536121E2,-7.449850787E1
2.983582425E2,-7.602573414E1
2.984638795E2,-7.769095483E1
2.985725742E2,-7.580513843E1
2.986802285E2,-7.556115690E1
2.987853176E2,-7.646307158E1
2.988915299E2,-7.514037044E1
2.990002098E2,-7.393028408E1
2.991082596E2,-7.505389311E1
2.992169751E2,-7.244732279E1
2.993249539E2,-7.395937484E1
2.994337217E2,-7.439900608E1
2.995415233E2,-7.322500086E1
2.996500777E2,-7.530501888E1
2.997579950E2,-7.447442957E1
2.998666427E2,-7.376050649E1
2.999748180E2,-7.666133695E1
3.000835595E2,-7.157404448E1
3.001914406E2,-7.409770562E1
3.002982693E2,-7.554098917E1
3.004069835E2,-7.290844951E1
3.005158218E2,-3.108931383E1
3.006215883E2,-3.249889774E1
3.007301038E2,-3.444828886E1
3.008356375E2,NaN
3.009415592E2,-3.548071861E1
3.010503134E2,-3.604889006E1
3.011581609E2,-3.521340428E1
3.012668566E2,-3.593580421E1
3.013748225E2,-3.656091473E1
3.014835844E2,-3.672119988E1
3.015913996E2,-3.821587632E1
3.016982566E2,-3.818260090E1
3.018070075E2,-3.973988146E1
3.019159083E2,-4.003138636E1
3.020242504E2,-4.104384656E1
3.021301972E2,-4.137835213E1
3.022350426E2,-4.242007890E1
3.023414727E2,-4.311190524E1
3.024483452E2,-4.466254161E1
3.025570306E2,-4.354734945E1
3.026656130E2,-4.591880848E1
3.027742796E2,-4.508300708E1
3.028830530E2,-4.638072789E1
3.029914931E2,-4.692937255E1
3.031000317E2,-4.696113802E1
3.032080653E2,-4.824092148E1
3.033166417E2,-4.816295566E1
3.034247372E2,-4.989949629E1
3.035335239E2,-4.895771338E1
3.036412586E2,-5.000116750E1
3.037498013E2,-5.215481396E1
3.038577923E2,-5.270469275E1
3.039665070E2,-5.184039552E1
3.040745811E2,-5.490810378E1
3.041832509E2,-5.238185481E1
3.042914031E2,-5.570467058E1
3.043989869E2,-5.448945486E1
3.045077483E2,-5.546426040E1
3.046164405E2,-5.559967066E1
3.047246180E2,-5.563940548E1
3.048332072E2,-5.765477547E1
3.049410705E2,-5.961850098E1
3.050496652E2,-5.701627874E1
3.051578657E2,-6.057473723E1
3.052664477E2,-5.876521264E1
3.053745609E2,-6.029081827E1
3.054795888E2,-6.175649125E1
3.055881899E2,-5.974921857E1
3.056969254E2,-6.342797144E1
3.058058780E2,-6.106596950E1
3.059146379E2,-6.432450816E1
3.060186604E2,-6.279822031E1
3.061245535E2,-6.421330724E1
3.062333582E2,-6.472423129E1
3.063410644E2,-6.637787285E1
3.064497040E2,-6.461129916E1
3.065578094E2,-6.797653928E1
3.066665999E2,-6.459252447E1
3.067744039E2,-6.867733310E1
3.068831720E2,-6.612252626E1
3.069912132E2,-6.769870936E1
3.070973977E2,-6.811475485E1
3.072039258E2,-6.665638719E1
3.073078707E2,-7.029651966E1
3.074167427E2,-6.722917890E1
3.075245061E2,-7.068646376E1
3.076332666E2,-6.802810397E1
3.077411035E2,-6.988054059E1
3.078496899E2,-6.894905293E1
3.079576612E2,-7.210096009E1
3.080662911E2,-6.796213831E1
3.081744902E2,-7.192105065E1
3.082832238E2,-6.831440268E1
3.083910826E2,-7.193768783E1
3.084998062E2,-7.089488946E1
3.086077990E2,-6.969673222E1
3.087164417E2,-7.249820194E1
3.088244510E2,-7.102376108E1
3.089331952E2,-7.180744854E1
3.090410490E2,-7.435766268E1
3.091495250E2,-7.038512759E1
3.092576331E2,-7.166648184E1
3.093663815E2,-7.418230340E1
3.094742983E2,-7.347097511E1
3.095829444E2,-7.587048660E1
3.096910202E2,-7.296868897E1
3.097946407E2,-7.612434165E1
3.099033236E2,-7.233818648E1
3.100077331E2,-7.138961784E1
3.101116310E2,-7.349402765E1
3.102187120E2,-7.145721583E1
3.103255575E2,-7.387931995E1
3.104377505E2,-6.753626400E1